sku,name,category,unit_price
SKU-0001,Classic Lamp,Electronics,4500
SKU-0002,Eco Backpack,Fashion,3200
SKU-0003,Pro Headset,Electronics,8900
SKU-0004,Classic Kettle,Home,2100
SKU-0005,Urban Sneakers,Fashion,7200
SKU-0006,Compact Charger,Electronics,1500
SKU-0007,Prime Notebook,Electronics,12000
SKU-0008,Daily Bottle,Home,800
SKU-0009,Elite Mixer,Home,6500
SKU-0010,Swift Fan,Home,3800
SKU-0011,Zen Pillow,Home,2200
SKU-0012,Bright Mug,Home,450
SKU-0013,Cozy Jacket,Fashion,15000
SKU-0014,Fresh Speaker,Electronics,5500
SKU-0015,Pure Watch,Fashion,25000
