customer_id,full_name,email,city,signup_date,segment,age,gender,annual_spend
10000,Allison Hill,qjacobson@example.org,West Alanchester,2024-04-08,loyal,64,M,3316
10001,Noah Rhodes,ylopez@example.com,Allisonshire,2023-12-21,regular,29,F,672
10002,Angie Henderson,seanbaker@example.com,Benjaminfurt,2025-10-27,loyal,33,F,1815
10003,Daniel Wagner,jeremy49@example.org,Palmerfort,2025-01-17,loyal,41,F,2466
10004,Cristian Santos,karencontreras@example.org,Lake Bruce,2023-10-07,regular,36,M,803
10005,Connie Lawrence,lindsey69@example.org,South Barbaraside,2025-07-29,regular,25,M,1437
10006,Abigail Shaffer,randallloretta@example.com,West Patriciachester,2025-03-30,loyal,48,M,3013
10007,Gina Moore,parmstrong@example.com,Wilsonstad,2026-07-21,regular,38,F,1295
10008,Gabrielle Davis,christian08@example.net,Terrytown,2023-09-30,loyal,34,F,2536
10009,Ryan Munoz,davidtodd@example.org,West Jessica,2023-12-16,loyal,40,F,2209
10010,Monica Herrera,teresastokes@example.org,Cooperbury,2024-10-24,loyal,54,M,2347
10011,Jamie Arnold,hendersonvanessa@example.com,New Regina,2024-04-30,loyal,33,F,1622
10012,Lisa Hensley,wendyburton@example.net,Sandramouth,2025-03-27,regular,23,F,1429
10013,Michele Williams,luis11@example.com,West Jennifer,2024-12-13,regular,25,M,1288
10014,Dylan Miller,rarnold@example.net,Moyerstad,2025-11-17,loyal,42,M,2369
10015,Brian Ramirez,astark@example.net,Marshburgh,2026-07-29,regular,35,M,1289
10016,Holly Wood,jrodriguez@example.org,West Hannah,2026-02-17,loyal,42,M,2184
10017,Derek Zuniga,buckleyanna@example.org,Lake Timothyburgh,2024-05-27,regular,29,F,743
10018,Lisa Jackson,mikayla56@example.com,East Catherine,2024-02-10,loyal,32,M,1544
10019,Carla Gray,kpena@example.net,Port Robertfort,2024-11-23,loyal,43,M,1698
10020,Margaret Hawkins DDS,rjohnson@example.com,Jimmyside,2024-05-08,loyal,58,F,2532
10021,Patty Perez,christinebecker@example.com,North Michaelview,2024-07-31,loyal,62,M,3718
10022,Ethan Adams,fosternatasha@example.net,Ericaburgh,2025-08-01,loyal,43,M,2695
10023,Tommy Walter,brandonalvarez@example.com,Port Brycechester,2026-03-27,loyal,64,M,3504
10024,Matthew Foster,andrew44@example.com,New Jeremyside,2024-02-02,loyal,49,M,1903
10025,Judy Baker,rgarrison@example.org,South Jonathan,2024-12-24,regular,27,F,1191
10026,Justin Baker,dennismccann@example.com,Kristenton,2024-09-03,loyal,33,M,2256
10027,Stephanie Ross,joseph69@example.net,Paulahaven,2023-11-18,regular,24,F,1270
10028,Zachary Hicks,lopezjason@example.com,Lake Brentmouth,2025-10-04,loyal,34,F,2859
10029,Anthony Rodriguez,xmalone@example.org,Estesville,2025-04-02,loyal,40,M,2196
10030,Rebecca Henderson,cameronmckinney@example.com,Port Cherylville,2024-10-20,loyal,43,F,2246
10031,James Ferrell,kimberlywarren@example.net,New Danielville,2026-08-19,loyal,38,M,1745
10032,Tricia Valencia,thompsonnancy@example.org,West Eric,2026-06-15,loyal,39,M,2016
10033,Nathan Maldonado,wrightstephen@example.com,Jeanhaven,2025-05-22,regular,24,F,1123
10034,Debra Davidson,joshuacolon@example.net,Oconnorville,2025-07-17,loyal,31,F,1904
10035,Jeffrey Chavez,hreid@example.net,Lake Michael,2025-06-11,loyal,32,F,2078
10036,Sherri Baker,allentracy@example.com,North Melinda,2024-02-29,regular,24,M,807
10037,Cassandra Gaines,susanwells@example.net,Montestown,2024-11-08,regular,26,M,634
10038,Elizabeth Fowler,max41@example.com,Port Lisa,2025-01-11,loyal,68,F,2481
10039,Brittany Farmer,hughesfrank@example.net,Justinburgh,2026-04-14,loyal,65,M,3503
10040,Paula Moreno,mercedesholland@example.net,West Nathanchester,2025-01-24,regular,25,M,698
10041,Fred Smith,josephortiz@example.org,Crystalbury,2024-06-25,loyal,67,F,2273
10042,Sherry Decker,wellsdavid@example.org,Port Karen,2026-02-21,loyal,40,M,2194
10043,Anthony Humphrey,walkercharlene@example.com,Cobbberg,2025-08-07,loyal,46,F,3546
10044,Angelica Tucker,rodney65@example.com,Gutierrezchester,2026-08-19,loyal,35,M,1746
10045,Philip Cannon,jeffery48@example.net,Cranehaven,2025-02-11,loyal,48,F,2819
10046,John Pierce,asilva@example.net,Sherrymouth,2026-03-16,loyal,47,M,2390
10047,Shane Henderson,anna99@example.com,Port Alejandro,2024-05-03,loyal,69,F,3400
10048,Joshua Blair,gabrielle71@example.com,North Matthewfurt,2026-08-26,loyal,56,F,3259
10049,Eric Carney,danielle44@example.net,South Bryan,2024-08-04,loyal,52,M,2454
10050,Jessica Holmes,jacob83@example.org,Lake Sandraberg,2024-10-22,loyal,35,F,1883
10051,Danny Morgan,rguerrero@example.org,Lake Tinahaven,2024-04-27,loyal,59,F,3110
10052,Crystal Robinson,rioswhitney@example.com,Robertside,2025-07-07,loyal,56,F,2465
10053,Mark Perez,vsullivan@example.org,Jennifermouth,2026-02-07,loyal,34,F,2196
10054,Shannon Jones,matthewreeves@example.net,Alanview,2024-08-04,regular,31,F,1462
10055,Michael Lewis,qknox@example.com,Lake Richard,2025-01-09,loyal,48,F,2022
10056,Timothy Duncan,megan82@example.com,New Claudia,2025-01-15,loyal,41,M,2318
10057,Richard Aguirre,ruizjoyce@example.net,Terryfurt,2024-02-09,loyal,52,M,2150
10058,Brent Jordan,staceylam@example.net,West Christopher,2025-01-03,loyal,61,M,3064
10059,John Daniel,walkerjeffrey@example.com,Peterberg,2026-02-26,loyal,62,M,3095
10060,Victoria Garcia,vfrench@example.com,Jasonhaven,2026-06-02,loyal,51,M,3092
10061,Gerald Hensley,brenda71@example.com,Adrienneburgh,2025-09-15,regular,20,M,1237
10062,Connor West,delacruzbrandy@example.net,North Pamelaside,2026-01-24,loyal,54,F,2687
10063,Donald Wright,kennedyjames@example.org,Johnport,2024-07-10,loyal,60,M,3408
10064,Jessica Callahan,amoreno@example.org,Benitezville,2025-05-06,loyal,57,M,3545
10065,Amber Kidd,derrickgonzalez@example.com,Port Nathanhaven,2025-08-08,loyal,43,F,2428
10066,Tracy House,tthomas@example.org,Davidville,2024-02-26,loyal,40,M,2005
10067,Carol Tucker,freemancrystal@example.org,Evanstown,2024-05-02,loyal,61,F,2394
10068,James Brown,cynthia07@example.com,Morganbury,2025-12-26,loyal,56,M,2267
10069,William Baker,kathleenjackson@example.org,West Kevin,2025-08-16,regular,32,F,1447
10070,Jordan Henderson,xglover@example.org,Lake Nicholas,2026-09-12,loyal,66,F,2995
10071,Whitney Peters,christinaschultz@example.com,North Mark,2025-01-28,regular,21,M,956
10072,Brittney Phillips,ysanford@example.org,Port Kimberly,2025-11-20,loyal,46,M,2328
10073,Lauren Daniels,fergusonjessica@example.org,Garciachester,2026-08-29,loyal,39,F,2214
10074,Amy Silva,katherine83@example.org,Millerton,2025-04-07,loyal,42,F,2064
10075,Sarah Moore,simsjohn@example.net,Beasleyfort,2025-09-26,loyal,30,F,1743
10076,Angela Lopez,larry16@example.net,South Christian,2025-04-02,loyal,35,F,1782
10077,Megan Young,gary04@example.com,Chapmanhaven,2025-07-25,loyal,50,M,1512
10078,Steve Sanchez,mluna@example.net,Wigginsshire,2025-09-23,regular,33,M,1180
10079,Lisa Barnes,ryan25@example.com,Fieldsmouth,2025-07-14,loyal,62,M,3027
10080,Kelly Donovan,karen26@example.org,Dennischester,2025-06-28,loyal,59,F,2345
10081,Mike Allen,jeffreymercer@example.org,East William,2025-09-15,loyal,61,F,3349
10082,Michael Evans,lawrencegary@example.com,Dawsonberg,2023-11-11,loyal,19,M,1715
10083,Paul Jones,brooksdanielle@example.net,Lake Jasonfort,2026-02-14,loyal,52,M,3209
10084,Zachary Ferrell,wheelerbrandon@example.org,Lake Ericside,2023-11-10,loyal,59,M,2843
10085,Daniel Baker,williamsdarrell@example.com,Sandraville,2025-07-14,loyal,51,M,3295
10086,Shirley Suarez,qmartinez@example.com,Rodriguezstad,2024-02-14,loyal,47,F,2424
10087,Christopher Bass,jamiejennings@example.org,Billyberg,2024-05-05,regular,30,F,1331
10088,Lisa Archer,robert18@example.com,West Kevinstad,2026-05-12,regular,30,F,1193
10089,Aimee Montoya,robertroach@example.net,Kellytown,2025-01-11,loyal,35,M,1598
10090,Matthew Mcmillan,campbellkristen@example.com,East Kristen,2024-10-10,loyal,49,M,2255
10091,Brian Rodriguez,chelseastrickland@example.net,Williamsport,2026-03-19,loyal,49,F,2535
10092,Denise Jacobs,michaelortiz@example.org,Jasonfort,2025-12-03,loyal,52,F,2680
10093,Christina Walters,kelleyrenee@example.net,North Amyland,2025-05-01,loyal,56,F,2801
10094,John Whitehead,arivera@example.org,South Timothyport,2024-04-14,loyal,63,F,3368
10095,Anna Henderson,meadowsmary@example.net,Mcculloughfurt,2026-05-21,vip,69,F,4045
10096,Aaron Wise,fhernandez@example.net,Davenportberg,2026-01-20,loyal,46,F,2774
10097,Deborah Figueroa,cummingscraig@example.com,New Dana,2026-02-24,loyal,66,M,2557
10098,Jessica Smith,stephenmadden@example.com,Contrerasberg,2024-12-28,regular,46,M,1023
10099,Stephen Mckee,lwilliams@example.org,Christopherchester,2023-12-22,loyal,61,M,3517
10100,Sandra Aguilar,michael56@example.net,Hallfurt,2025-05-31,regular,33,M,966
10101,Cameron Parker,daviskatherine@example.org,Ambermouth,2024-04-12,loyal,61,F,2937
10102,Rebecca Valencia,christianelizabeth@example.org,Debbieburgh,2025-06-16,loyal,64,M,2614
10103,Christine Wright,michael79@example.com,New Crystalport,2026-08-05,regular,27,F,449
10104,Richard Henson,watsonmatthew@example.org,Lake Anitaborough,2023-10-09,loyal,47,F,2620
10105,Marc Moore,dross@example.com,New Aimeefort,2025-09-17,loyal,42,M,2479
10106,Sharon Cherry,evaughn@example.com,North Dominiqueside,2025-12-12,loyal,56,M,2511
10107,Sierra Johnson,danielhorton@example.org,North Joshua,2025-09-13,regular,37,F,554
10108,Evelyn Galvan,dalepruitt@example.com,East Maria,2023-12-23,regular,22,M,826
10109,Sharon Cochran,ywhite@example.com,Millerside,2024-02-08,regular,18,M,1095
10110,Richard Rodriguez,huffmannichole@example.net,Richardton,2023-12-23,loyal,47,M,1610
10111,Shannon Walker,timothyfreeman@example.com,Atkinstown,2024-11-22,loyal,66,M,3391
10112,Julia Torres,qwilliams@example.net,Samuelchester,2026-07-05,regular,20,F,992
10113,Crystal Johnson,alexander89@example.net,Port Allisonfurt,2024-03-14,loyal,62,F,3389
10114,Garrett Lin,tiffanysantiago@example.com,Christopherville,2025-03-01,loyal,31,F,1609
10115,Diana May,reynoldsjessica@example.com,West Douglas,2026-04-10,loyal,47,F,1863
10116,William Herrera,elizabeth62@example.net,Kaylaberg,2024-02-28,loyal,67,F,3948
10117,Ashley Waller,smithsarah@example.net,Stephanieburgh,2024-12-24,regular,21,M,970
10118,Victor Baker,kchristian@example.org,New Susanburgh,2026-02-24,loyal,35,F,1736
10119,Jeffrey Chandler,vflores@example.com,Lake Brianfurt,2025-10-16,loyal,54,F,2233
10120,Larry Dixon,hunterandrea@example.com,West Douglasmouth,2026-09-06,loyal,42,F,1878
10121,Kenneth Scott,fmontoya@example.com,Nicholasville,2025-02-25,loyal,65,F,2807
10122,April Frost,csolis@example.org,East Johnshire,2024-01-02,regular,18,M,813
10123,Michelle Harmon,hwest@example.com,South William,2024-04-05,vip,63,M,4005
10124,Helen Jones,garciarobert@example.net,Averyview,2026-03-26,regular,32,M,914
10125,Erin Edwards,petersenlatoya@example.net,West Stevenchester,2026-08-12,regular,26,M,493
10126,Michelle Evans,pamela83@example.net,South Anthonybury,2025-12-01,loyal,32,F,2335
10127,Jason Powell,xclements@example.org,West Angelashire,2023-12-21,loyal,66,F,3195
10128,Cameron Fisher,meganrivera@example.net,East Kathrynberg,2026-09-23,loyal,41,M,1715
10129,Megan Orr,xmoran@example.net,Ashleymouth,2024-08-13,loyal,21,F,1569
10130,Elizabeth Kelley,wwilson@example.net,Port Cynthiaborough,2025-12-09,regular,29,M,1147
10131,Dustin Jordan,aaronkelly@example.net,West Amber,2024-05-10,loyal,54,M,3613
10132,Mary Marshall,amy51@example.org,Port John,2026-02-19,loyal,54,M,3038
10133,Daniel Kennedy,travisunderwood@example.net,Aliside,2025-11-07,loyal,60,M,2756
10134,Rebecca Jackson,nrodriguez@example.org,Williamsmouth,2024-04-28,loyal,23,F,2228
10135,Jose Schultz,davidphelps@example.org,Deniseburgh,2024-09-11,loyal,56,M,2497
10136,Robert Potter,msummers@example.net,North Sarahfort,2026-08-14,loyal,63,F,3521
10137,Courtney Gonzalez,daniel60@example.net,Carlafurt,2026-06-19,loyal,41,F,2199
10138,David Alvarez,bartonshannon@example.net,Meganborough,2024-05-27,loyal,28,M,2050
10139,Angel Perry,tamarasmith@example.net,Brandonside,2025-01-09,loyal,30,F,2280
10140,Cheyenne Horton,tranryan@example.net,West Christopherville,2026-06-01,loyal,51,F,2566
10141,David Douglas Jr.,xglass@example.org,Lake Angela,2025-01-24,loyal,42,M,1723
10142,Patricia Rodriguez,jessicaanderson@example.com,Natalieborough,2023-10-10,regular,24,F,1429
10143,Christopher Rubio,william66@example.net,Nicolemouth,2025-10-22,loyal,69,M,3111
10144,Amber Wright,joshuastuart@example.com,Tiffanymouth,2026-05-25,loyal,21,M,2056
10145,Joyce Solis,iballard@example.com,Johnmouth,2026-09-02,regular,25,M,1318
10146,Victoria Larson,megan85@example.net,Jasonmouth,2024-08-06,loyal,37,F,1667
10147,Stephanie Salazar,jamesweber@example.com,Lake Dennistown,2024-03-26,loyal,46,F,2392
10148,Kathy Rivas,samantha22@example.net,Smithtown,2024-01-12,loyal,68,M,2726
10149,Stephanie Manning,jennifer58@example.com,South Angela,2023-09-30,loyal,62,M,2614
10150,David Wright,icraig@example.com,Farmerside,2024-05-24,loyal,63,F,3750
10151,Pamela Boyd,hstokes@example.org,Port Nancyland,2026-04-24,regular,27,M,1021
10152,Denise Jones,jamesbrian@example.org,Port Lisamouth,2024-04-05,loyal,60,M,2476
10153,Devon Flores,josephfloyd@example.com,West Teresafurt,2025-12-15,loyal,51,F,2818
10154,Brenda Hall,dwayne04@example.org,Paultown,2024-02-27,loyal,43,F,2742
10155,Michelle Brown,howardshaun@example.net,South Mitchellborough,2024-10-18,loyal,58,M,3259
10156,Joshua Perry,juliahoffman@example.org,Smithtown,2024-08-12,loyal,66,F,3798
10157,Jason Stein,heather06@example.com,Erinstad,2024-03-08,regular,20,F,621
10158,Melissa Gates,rfrye@example.com,North Lisa,2025-10-04,regular,23,M,439
10159,Jamie Smith,smithjohn@example.net,Lindseybury,2023-11-07,loyal,22,F,1850
10160,Paul Castaneda,ogreer@example.net,South Tammy,2025-11-23,regular,22,M,938
10161,Jennifer Adkins,kari89@example.org,West Trevorborough,2025-08-19,loyal,64,F,3074
10162,Lindsey Walker,kellythompson@example.net,East Traceyfurt,2025-05-28,loyal,40,F,2664
10163,Jeffrey Johnson,lopezglenn@example.net,Port Joshuahaven,2023-12-25,loyal,66,F,3578
10164,Michael Powell,bennettroy@example.net,Jacksonborough,2024-04-06,loyal,26,M,1527
10165,John Anderson,david94@example.org,North Brianna,2025-01-07,loyal,52,F,3682
10166,Alyssa Long,steven20@example.org,East Jordanshire,2025-06-19,loyal,37,M,1528
10167,Alyssa Day,candice94@example.com,New Jessica,2025-10-20,loyal,66,M,3763
10168,Joel Williams,charles58@example.org,Jamestown,2024-07-11,loyal,59,M,2978
10169,Daniel Murphy,abigailhartman@example.org,Erinmouth,2024-09-28,loyal,52,F,2734
10170,Jamie Walton,zdaniels@example.org,South Danielleton,2026-01-26,vip,67,F,4114
10171,Darlene Miller,jeffrey35@example.com,Ryanchester,2024-11-07,loyal,35,M,2003
10172,Joshua Cooke,kelly98@example.com,Davidhaven,2026-05-08,loyal,34,F,1969
10173,Matthew Harrington,wilsonmichael@example.org,Simpsonhaven,2026-08-23,loyal,41,M,2586
10174,Nicole Herring,susanfleming@example.com,Lake Jeffreyview,2025-08-12,regular,20,F,817
10175,Alex Hernandez,hmoon@example.com,Patelmouth,2026-07-18,loyal,49,M,2030
10176,Michael Elliott,amber40@example.net,South Jamesland,2026-05-15,loyal,52,F,2077
10177,Michael Wang,willie87@example.com,Lake Jeremiahchester,2024-04-08,loyal,55,M,1766
10178,Lawrence Adkins,phillipsdenise@example.com,East Jamesmouth,2025-08-01,loyal,30,F,2528
10179,Robert Oconnell,vaughangary@example.net,Bryanville,2024-05-14,loyal,64,M,2648
10180,Alexander Collins,simsjason@example.net,South Ryantown,2026-06-14,loyal,42,M,1989
10181,Tina Sanders,michellecoleman@example.org,Marybury,2023-11-02,regular,26,M,1161
10182,Angela Vaughn,amandapark@example.net,South Johnmouth,2024-07-13,regular,21,F,1203
10183,Ashley Barton,elucas@example.net,Port Matthewbury,2024-05-07,loyal,31,F,1957
10184,Lindsay Martinez,andrewlove@example.org,Port Carolmouth,2026-07-17,loyal,54,M,3130
10185,Dr. Hannah Patterson,jonesgregory@example.com,Lake Seanville,2024-10-07,loyal,51,F,2258
10186,Jonathan Peterson,andrewsjeremy@example.com,North Sabrinafurt,2024-06-21,regular,28,F,1316
10187,Samantha Garcia,ohughes@example.com,Pamelaland,2025-12-02,loyal,58,F,3041
10188,Madison Poole,ystewart@example.net,North Samantha,2026-09-20,regular,20,F,875
10189,Jessica Gross,nicholsdarlene@example.net,Brownchester,2026-01-26,loyal,45,M,3053
10190,Debra Morton,avilabrenda@example.net,North Ericaside,2024-08-06,loyal,46,M,2545
10191,Karen Graham,howardwesley@example.com,West Melissafurt,2025-10-08,loyal,26,F,1667
10192,Debra Christian,catherine47@example.com,New Karenbury,2025-10-15,regular,20,F,1331
10193,Angelica Keith,bshort@example.com,South Patrickchester,2024-12-23,loyal,42,F,2686
10194,John Bishop,amandataylor@example.com,West Debratown,2024-12-22,loyal,51,M,2640
10195,Allen Rosales,susan24@example.net,Holmesshire,2026-08-01,regular,29,M,801
10196,Daniel Salinas,susan08@example.net,North Curtis,2024-03-03,loyal,59,F,3149
10197,Spencer Haynes,davidsmith@example.net,New Kristineborough,2026-04-01,regular,26,F,974
10198,Adam Vaughan,fmedina@example.com,Lake William,2025-11-03,regular,32,F,1335
10199,Nathan Freeman,kaitlinberger@example.com,Robertmouth,2025-04-22,loyal,57,F,3143
10200,Melissa Brewer,robertbrewer@example.net,East Devin,2026-08-02,loyal,42,F,2719
10201,Ricky Davis II,eugenewalker@example.com,North Davidshire,2024-11-30,regular,22,M,1110
10202,Elizabeth Perkins,dannylambert@example.net,Palmerstad,2025-05-29,loyal,28,M,1554
10203,Joseph Coleman,yorksarah@example.net,Brandyside,2025-05-21,loyal,51,F,3401
10204,Erin Warner,enewman@example.com,East Terrance,2026-09-17,loyal,41,F,2170
10205,David Martinez,kingjames@example.net,Kellytown,2024-03-14,loyal,32,M,2900
10206,Bryan Herrera,wlynn@example.org,North John,2025-09-19,loyal,55,M,3032
10207,Cathy Robinson,craigharvey@example.org,South Mauriceborough,2025-07-08,regular,25,F,369
10208,Dr. William Warren,todd59@example.net,Port Casey,2025-07-20,regular,22,M,1476
10209,Brian Lee,heather29@example.net,Lake Thomas,2024-05-17,loyal,65,M,3440
10210,Christopher Smith,lindsey62@example.org,Greenemouth,2023-11-12,loyal,43,F,2794
10211,Denise Mccann,john36@example.com,Christinachester,2024-12-13,loyal,35,F,2086
10212,Melissa Martinez,dennis57@example.com,Francismouth,2025-09-09,regular,23,F,1080
10213,Katherine Salas,thoward@example.com,South Jeffreytown,2024-04-03,loyal,54,M,2087
10214,Julie Alexander,thompsoncatherine@example.com,Lake Jerry,2026-02-22,loyal,65,F,3145
10215,Anthony Everett,patriciagonzalez@example.net,East Timothy,2025-05-26,regular,30,M,1074
10216,Rodney Morales,lunapatricia@example.net,Lindsayfurt,2023-10-17,loyal,45,M,1959
10217,Mark Brown,hessbeth@example.net,South Jack,2026-03-19,regular,22,F,1394
10218,Justin Torres,rebeccaarnold@example.net,West Alejandrostad,2025-01-12,loyal,30,F,2334
10219,Bailey Duran DDS,jvaldez@example.com,New Dariusport,2023-11-21,loyal,34,F,1897
10220,Courtney Mills,xwalker@example.net,Leeshire,2026-06-28,loyal,67,F,2752
10221,Jeremy Dalton,dennis88@example.org,Bradleytown,2026-07-06,loyal,57,F,3072
10222,Elizabeth Oliver DDS,acox@example.net,East Justin,2026-07-16,loyal,62,M,3698
10223,Theresa Clark,melaniedrake@example.net,West Jennifer,2026-05-19,loyal,49,M,2145
10224,Matthew Moore,katherinetaylor@example.org,Melaniebury,2025-08-20,loyal,46,M,2232
10225,Benjamin Smith,ashleyknight@example.org,East Andrew,2023-12-05,loyal,68,M,3407
10226,Kirk Carter,ccrosby@example.org,Reneetown,2025-04-03,regular,20,F,607
10227,Michael Warner,qhall@example.com,South Diana,2024-05-03,loyal,57,M,3174
10228,Michael Bradshaw,bradclark@example.com,West Sharonport,2025-09-25,loyal,51,F,2489
10229,Lori Guerrero,dharrison@example.org,Allenstad,2025-09-11,loyal,57,F,3059
10230,Jessica Stephens,hoopermario@example.net,New Tiffany,2024-12-03,loyal,44,F,1756
10231,Susan Serrano,mary49@example.net,Johnsland,2023-10-14,regular,30,F,1281
10232,Christopher Parker,nicholasgray@example.net,East Nicoleberg,2024-06-01,loyal,62,F,3461
10233,Laura Roberts,blacknicholas@example.org,East Amanda,2025-04-07,loyal,50,F,2313
10234,Michael Lyons,wgomez@example.com,Louischester,2025-11-15,loyal,23,M,2013
10235,Kathryn Snyder,aeaton@example.net,North Kathryn,2025-11-19,loyal,41,F,1850
10236,Andrew Reynolds,scotthall@example.net,Port Amanda,2024-08-22,loyal,36,M,1912
10237,David Davis,jason22@example.com,West John,2025-03-24,loyal,33,M,2116
10238,Sara Johnston,guerrerorobert@example.com,Moniquehaven,2025-12-23,loyal,57,F,2140
10239,Yvonne Chambers,olsontimothy@example.org,Clarkland,2025-05-28,regular,45,M,1369
10240,Andrew Avila,deborahjenkins@example.org,Gibbsland,2025-12-04,loyal,50,F,1737
10241,Matthew Moon,andersonbrittany@example.org,New Paul,2024-01-05,loyal,65,F,3881
10242,Kevin Walters,macdonalddylan@example.org,Victormouth,2024-06-27,loyal,58,F,2624
10243,Brandon Bailey MD,sandra86@example.net,West Jennifer,2026-07-14,loyal,30,M,2779
10244,Shannon Rivera,johnsjessica@example.com,Baldwinfort,2024-05-22,loyal,60,M,2717
10245,Donna Landry,robinsoncatherine@example.com,Adamsfurt,2025-03-29,loyal,62,F,3192
10246,Krista Gibson,ajackson@example.net,East Jeffreyborough,2026-07-14,loyal,42,M,2871
10247,Frank Cordova,laurahoover@example.org,Royfurt,2026-02-20,loyal,59,F,3953
10248,Jose Travis,gary57@example.net,West Ronald,2025-03-10,loyal,53,F,3680
10249,Kimberly Gutierrez,hallpaul@example.org,Duncanstad,2025-09-12,loyal,44,F,2804
10250,Isaiah Avila,harrismichele@example.net,Andreaberg,2024-05-04,loyal,55,M,3262
10251,Olivia Harris,mserrano@example.org,West Seanstad,2024-12-05,regular,24,M,1496
10252,Tanya Kim,thomasmendez@example.org,New Blake,2026-07-18,regular,22,F,1489
10253,Barbara Dudley,davisdonna@example.net,Ronaldmouth,2025-01-12,loyal,60,M,2724
10254,Cynthia Moore,princekimberly@example.net,Ortizfort,2025-06-02,loyal,62,M,2690
10255,Kristen Davis,xboyd@example.org,Joshuatown,2024-01-13,loyal,68,F,3398
10256,Susan Murray MD,zperez@example.com,South Jesus,2026-06-28,loyal,48,F,2314
10257,Kathleen Moran,zbell@example.net,West Rachelport,2025-10-20,loyal,40,F,1773
10258,Denise Davenport,colemanjonathan@example.org,Port Joshuabury,2025-05-06,loyal,59,F,3298
10259,Mrs. Kristen Reyes,campbellnancy@example.com,North Charleston,2025-10-01,loyal,27,M,1827
10260,Katie Suarez,jacob09@example.net,West James,2026-04-28,loyal,49,F,2494
10261,Desiree Tyler,meyernicholas@example.org,Johnview,2026-07-19,loyal,60,F,3738
10262,Timothy Romero,robert12@example.com,Lake Cassandra,2024-07-06,loyal,47,M,1779
10263,Diane Evans,jose86@example.net,Port Karen,2026-03-12,loyal,56,F,2703
10264,Yvonne Burns,cheryl63@example.com,Alanport,2025-11-25,loyal,48,F,2041
10265,Joshua Reed,jwhite@example.net,Lynnfurt,2026-07-19,regular,35,F,816
10266,Kimberly Gibson,tking@example.net,Underwoodtown,2025-12-24,loyal,53,F,2608
10267,Colin Terry,kim62@example.net,Valdezberg,2024-11-05,regular,19,F,889
10268,Cynthia Rowe,adkinssean@example.net,Perezborough,2024-04-18,loyal,31,M,2306
10269,Patrick Thornton,craigromero@example.com,Hallshire,2026-09-17,loyal,30,M,1815
10270,Jasmin Alvarado,martintamara@example.org,Sharpmouth,2025-02-14,loyal,46,F,1787
10271,Veronica Simpson,morrowthomas@example.net,Latoyamouth,2026-04-01,loyal,29,F,2377
10272,Jonathan Lawrence,qdavis@example.org,South Kayla,2026-03-20,loyal,56,F,3410
10273,Shelly Alexander,christopher06@example.com,Clarkmouth,2025-03-23,regular,19,F,1241
10274,Joyce Bowen,jennifer90@example.org,West Donberg,2026-03-25,loyal,49,F,2336
10275,Matthew Moore,mgonzales@example.net,Sherrytown,2026-05-16,regular,30,F,1020
10276,Wayne Morgan,james98@example.net,Cochranstad,2025-06-18,loyal,63,F,2963
10277,Marie Christian,christinacraig@example.com,Jeremiahchester,2024-01-12,loyal,44,F,2744
10278,Shannon James,dianacantrell@example.org,Farmerside,2023-12-08,vip,66,F,4242
10279,Nathan Malone,kimberly56@example.com,Marktown,2023-11-14,loyal,58,F,3671
10280,Amanda Jones,aprilmclaughlin@example.org,East Ericmouth,2024-06-03,regular,34,F,1455
10281,Tammie Bright,dunnjessica@example.net,Bairdborough,2024-09-23,loyal,57,M,2290
10282,Jessica Garcia,michael43@example.net,Brownfurt,2024-02-26,loyal,48,M,2470
10283,Shelia Wallace,shawnpowell@example.org,South Daniel,2026-07-29,loyal,51,M,1665
10284,Stephanie Williams,gregory81@example.net,Fowlerport,2024-03-13,loyal,41,F,2211
10285,Elaine Brooks,gordonmatthew@example.org,East Damonside,2025-11-13,loyal,62,M,3026
10286,Joseph Knight,nancy94@example.net,North Margaret,2026-08-20,loyal,52,M,2366
10287,Carolyn Miller,kchurch@example.com,Johnsonborough,2025-10-09,loyal,65,F,2452
10288,Lisa Allen,katherineali@example.com,South Justinbury,2025-02-13,regular,23,M,1406
10289,Briana Murray,bmosley@example.com,Donnaland,2024-09-23,loyal,36,F,1533
10290,David Smith,scottpatrick@example.org,Brownhaven,2024-10-01,loyal,47,M,1765
10291,Stephanie Byrd,laurengutierrez@example.com,East Markchester,2024-03-11,regular,24,M,100
10292,Jeremy Reed,haynesjose@example.com,Mooreville,2024-06-26,regular,27,F,1336
10293,Margaret Coleman,rosskaitlyn@example.com,New Robert,2025-05-18,loyal,58,M,3786
10294,Ryan Gonzalez,spencergregory@example.com,South Stephanieborough,2025-07-13,loyal,49,M,3280
10295,John Young,jeffery94@example.org,Port Jamie,2024-01-07,loyal,51,F,2321
10296,Laura Haney,victorgonzalez@example.net,Meyersfort,2024-01-04,loyal,45,F,1948
10297,William Barrett,moniqueclark@example.org,New Barbara,2026-05-07,loyal,32,M,1834
10298,Keith Jennings,marykelly@example.org,Brianahaven,2024-10-23,loyal,47,F,1850
10299,Amber Obrien,moraemma@example.net,Hilltown,2024-03-25,loyal,54,M,2850
10300,Tanner Mitchell DDS,waustin@example.net,South Caleb,2023-11-27,loyal,46,M,2683
10301,Heather Fields,charlesnathan@example.com,Jacobsbury,2024-01-21,loyal,39,F,2563
10302,Megan Le,kvillanueva@example.com,Reneefort,2025-08-15,regular,21,F,999
10303,Sara Fuller,wwhite@example.net,Fordton,2025-05-03,loyal,37,F,1748
10304,Maria Parker,raymond92@example.org,West Debbiemouth,2026-04-29,loyal,49,F,2011
10305,Kevin Oconnor,imendoza@example.org,Isabellaport,2026-06-06,loyal,53,F,2236
10306,Edward Burgess,phillip27@example.org,Austinburgh,2023-11-14,loyal,67,F,3236
10307,Carlos Ryan,astewart@example.org,Wrightchester,2024-06-26,regular,21,M,1233
10308,Kiara Mcintyre,nicolasgarcia@example.com,Cruzburgh,2025-02-09,loyal,44,F,2656
10309,Dawn Summers,jacob43@example.com,South Hollyton,2024-03-15,regular,34,M,1298
10310,Dr. Paul Morgan,vmullen@example.com,Port Eric,2026-09-19,loyal,29,M,2196
10311,Victor Taylor,victorclark@example.net,Elizabethland,2025-08-28,loyal,39,M,1814
10312,Shannon Ramsey,michael64@example.com,South Robert,2025-05-08,loyal,34,M,1689
10313,Tracy Ballard,ashleykrause@example.net,West Charlesville,2024-04-23,regular,27,F,976
10314,Richard Smith,lisale@example.org,Robertburgh,2026-06-16,regular,18,F,100
10315,Jordan Chambers,mchase@example.org,Jaredton,2026-03-09,loyal,39,F,2392
10316,Lauren Carson,thomassmith@example.com,Johnsonmouth,2026-02-10,loyal,43,M,2518
10317,Ashley Hall,otaylor@example.net,Cooperfurt,2024-08-05,loyal,35,M,1609
10318,Stephen Hoffman,kristen44@example.net,South Benjamin,2024-07-30,loyal,67,M,3383
10319,Connie Brown,rosshannah@example.org,Dannyberg,2024-10-26,loyal,31,M,1807
10320,Susan Turner,lisawoods@example.net,Ellenmouth,2025-10-31,loyal,64,F,2418
10321,Charles Shah,colematthew@example.com,Murrayland,2025-08-09,loyal,46,F,2035
10322,Johnathan Davis,ann45@example.org,Lake Stephanie,2026-08-19,loyal,29,F,1847
10323,Brandy Chavez,rmartinez@example.net,South Lori,2024-12-17,loyal,53,M,2022
10324,Natalie Bautista,barbarasantos@example.net,East Mary,2024-09-14,loyal,52,F,2746
10325,Patrick Moore,tiffanymitchell@example.com,East Kellyside,2024-08-07,loyal,69,F,2771
10326,Brett Burns,champton@example.org,Jacksontown,2024-06-07,loyal,29,F,1683
10327,Trevor Johnson,daustin@example.net,Ericstad,2025-08-04,regular,24,F,1182
10328,Jeremy Sampson,mirandadavidson@example.com,East Jennifer,2025-12-29,regular,46,M,1492
10329,Ariana Jennings,kwelch@example.com,South Heather,2024-07-24,loyal,28,M,1982
10330,Vanessa Howard,millermatthew@example.com,South Hannahmouth,2024-02-10,loyal,50,M,2132
10331,Colton Martinez,denise49@example.net,New Adamfurt,2026-03-22,regular,23,F,744
10332,Jordan Bates,cnelson@example.com,East Nicholas,2023-11-06,loyal,64,M,3300
10333,Linda Smith,lgutierrez@example.org,East Christopher,2026-06-03,loyal,32,M,2174
10334,Dana Martinez,jessicastanley@example.net,Johnsontown,2026-08-03,loyal,49,M,1942
10335,Andrea Hubbard,clarkrandy@example.org,Loriland,2024-02-26,loyal,68,M,3430
10336,Daniel Kane,zunigathomas@example.org,North Laura,2024-08-11,loyal,28,F,1614
10337,Charles Lester,wisealexandria@example.org,Lake Gary,2023-11-20,loyal,40,F,2346
10338,Scott Thomas,bakereric@example.net,Huntmouth,2024-05-05,loyal,43,M,2238
10339,David Thompson,pparker@example.net,Annaborough,2023-10-08,loyal,51,M,2366
10340,Allison Smith,scott22@example.net,New Randall,2025-04-10,loyal,63,F,2736
10341,Cynthia Morris,anthonyalvarado@example.com,Martinezborough,2025-06-24,loyal,51,M,2593
10342,Anthony Harmon,imcdonald@example.com,West Marcustown,2026-02-28,loyal,46,M,1763
10343,Nichole Alvarez,staylor@example.net,Valdeztown,2026-01-26,regular,21,M,100
10344,Kayla Rodriguez,brittanybryant@example.net,Lewisbury,2024-01-19,loyal,34,M,1918
10345,Theresa Williams,omills@example.net,Lake Lisastad,2025-03-12,loyal,52,F,3051
10346,Sharon Boyd,regina78@example.org,North Nicolechester,2024-07-13,regular,30,F,318
10347,Victor Brown,ramosmichael@example.com,Katrinafort,2026-08-25,loyal,58,M,2395
10348,James Parks,kevinsmith@example.org,Lake Amandashire,2026-06-23,loyal,56,M,3109
10349,Theodore Jones Jr.,justin80@example.net,West Susan,2025-12-28,loyal,32,F,2628
10350,Ana Hill,earroyo@example.com,Tinafurt,2025-11-08,loyal,46,F,2310
10351,Kimberly Nguyen,cannonlauren@example.net,West Gregory,2024-07-21,loyal,46,F,1935
10352,Kerry Chavez DDS,laurakelley@example.org,Tiffanyfort,2024-08-17,regular,28,F,1308
10353,Michael Farrell,bkhan@example.com,West Andresshire,2026-03-04,vip,69,M,4137
10354,Patricia Le,frankmclaughlin@example.com,Reyesbury,2025-10-04,loyal,49,M,2127
10355,Jesse Perez,fwalker@example.com,East Andrewville,2025-11-16,regular,19,F,550
10356,Jesse Perry,zacharymarsh@example.net,Joelchester,2025-03-29,loyal,64,M,2958
10357,Jeffery Ortega,justin84@example.com,New Christopher,2025-04-05,regular,31,F,1073
10358,Christian Leblanc,melissawhite@example.com,West Victor,2026-05-17,loyal,37,F,1911
10359,Ronald Davis,walshchristine@example.com,East Nicholas,2026-02-13,loyal,39,F,2762
10360,Parker Cain,blopez@example.org,East Sandramouth,2024-05-01,loyal,28,M,1561
10361,Laurie Hoffman,bookerandrew@example.org,Dennismouth,2024-01-12,loyal,44,F,2073
10362,Bryan Gomez,joseph70@example.org,New Latoyachester,2025-08-11,regular,20,M,854
10363,Nicole Parrish,hernandeztristan@example.com,Karenbury,2025-07-25,regular,34,F,918
10364,Tracy Burke,zcollins@example.com,Matthewborough,2026-05-28,loyal,61,F,3491
10365,Kenneth Lewis,steven05@example.org,Lake Vanessabury,2025-05-06,loyal,45,M,2211
10366,Courtney Rodriguez,brianrowe@example.org,Boydburgh,2024-01-18,loyal,46,F,2209
10367,Holly Farmer,qwhite@example.com,Sotoland,2026-03-02,loyal,38,F,3496
10368,Renee Bruce,martinezkayla@example.org,Jonesborough,2024-01-29,loyal,64,M,3349
10369,Sabrina Austin,cwise@example.org,Lake Victoriaborough,2024-04-14,regular,33,M,1274
10370,Allison Hickman,gonzalezjill@example.org,North Glenn,2025-12-11,loyal,54,M,2486
10371,Debra White,thomasmaldonado@example.com,East William,2025-01-05,loyal,37,M,2424
10372,Ellen Morgan,eric08@example.net,Hardyport,2024-03-04,regular,23,M,1206
10373,Sergio Knight,kingdanielle@example.org,Lake James,2024-03-31,regular,36,F,1080
10374,Charles Schultz,paige31@example.org,Thompsonbury,2025-11-12,loyal,22,M,1559
10375,Paul Lewis,knguyen@example.com,Justinmouth,2024-09-22,regular,20,M,665
10376,Glen Wood,fosterjohn@example.org,West Michelle,2023-12-18,loyal,18,F,1836
10377,Paula Bradley,jbarker@example.com,Millerstad,2026-04-21,loyal,55,M,3290
10378,Anthony Moore,wrightvincent@example.net,Grayfort,2026-01-16,regular,32,F,1376
10379,Megan Nelson,sarah00@example.com,Hendersonchester,2025-02-25,loyal,51,M,3190
10380,Karla Ramos,jacquelinemoody@example.org,Port Stephanie,2023-11-04,loyal,52,M,2633
10381,Paul Wilson,jhall@example.net,Smithfurt,2024-09-12,loyal,66,F,3726
10382,Douglas Gregory,linda73@example.org,Dickersonport,2024-12-23,loyal,42,F,2342
10383,Mr. Andrew Foster,ihoward@example.com,New Jessica,2024-10-24,loyal,41,F,1626
10384,Aimee Turner,washingtonsamuel@example.com,Oscarport,2025-05-28,regular,29,F,1128
10385,Chad Scott,llopez@example.net,Campbellside,2026-09-26,loyal,35,F,2264
10386,Adam Burgess,mario74@example.net,Jonesberg,2025-04-07,regular,32,M,1432
10387,James Padilla,caseymoore@example.com,Gonzalezborough,2024-01-13,loyal,61,M,2848
10388,Sandra Drake,amber70@example.net,North Michellestad,2024-06-01,regular,33,F,1172
10389,Scott Williams,bgross@example.net,Sullivanchester,2024-12-20,loyal,44,F,2411
10390,Thomas Atkins,kimberly35@example.net,Wallerstad,2024-01-24,loyal,25,F,2281
10391,Laura Mckinney,barrettamber@example.com,Burnsshire,2026-01-07,loyal,63,M,2616
10392,Brian Smith,alexandriajimenez@example.net,South Nicoleville,2026-03-11,loyal,42,M,2112
10393,Robert Montgomery,chloemorris@example.net,Frederickburgh,2024-10-08,loyal,34,F,2406
10394,Tamara Davis,daniel81@example.org,Port Samuel,2025-12-12,loyal,46,M,2260
10395,Dana Chapman,gregoryjohnson@example.org,Kelseystad,2026-05-06,regular,25,F,1476
10396,Jennifer Collins,clee@example.net,Reidstad,2025-11-14,regular,32,F,1068
10397,Gary Jackson,hbarrett@example.net,Lake Paulchester,2025-01-27,loyal,44,M,2414
10398,Ashley Hicks,brandon39@example.net,East Tim,2025-06-11,loyal,63,F,3056
10399,Hannah Luna,smithsamantha@example.net,Crystaltown,2026-05-18,loyal,67,F,3842
10400,Robin Young,fhebert@example.com,West Catherine,2023-12-26,vip,69,M,4043
10401,Craig Morrison,wardjulia@example.com,West John,2026-01-25,loyal,24,F,2494
10402,Mary Thompson,laura09@example.com,North Darryl,2026-09-17,regular,20,F,1289
10403,Kathleen Webster,navarromary@example.org,Lake Jenniferfurt,2024-03-20,loyal,46,F,2462
10404,Joann Glass,susandavis@example.net,Mccarthyland,2026-03-23,loyal,61,M,3147
10405,Madison Weber,amandalopez@example.net,South Gabriel,2025-09-30,loyal,41,F,1873
10406,Lori Hernandez,ashleymeza@example.net,Kingport,2024-11-11,regular,20,M,1169
10407,Jeremy Turner,xreese@example.net,Willischester,2026-07-10,loyal,37,M,1702
10408,Anthony Romero,emily61@example.org,North Daisystad,2023-11-15,loyal,63,F,3234
10409,Jesse Brown,andreawagner@example.net,West Kaitlyn,2023-11-19,loyal,32,M,2258
10410,Angela Lin,amandagreene@example.com,Haletown,2025-03-08,loyal,42,M,1596
10411,Lisa Hunter,andrea55@example.com,Port Travis,2025-07-15,loyal,47,F,2919
10412,Julian Conner,umckenzie@example.net,North Kimchester,2024-11-08,loyal,31,F,2208
10413,Joanna Pacheco,annalewis@example.net,Penachester,2024-08-06,regular,24,F,1140
10414,Erica Alvarez,michael77@example.com,East Nicholas,2025-03-02,regular,34,F,639
10415,Antonio Garcia,barbertonya@example.net,East Tom,2023-12-31,loyal,61,M,2746
10416,Gwendolyn Klein,holmesvictoria@example.com,South Ashleyborough,2024-05-03,loyal,37,M,2498
10417,Carrie Wright,evansjeffrey@example.com,East Brian,2024-08-12,loyal,53,M,2638
10418,Jeffrey Mills,ingramsherry@example.com,Port Katherine,2026-01-26,regular,26,F,800
10419,Jake Campbell,clintonstevens@example.org,Tonyachester,2025-02-23,loyal,55,F,2497
10420,George Harper,josephpreston@example.org,Simsville,2026-07-26,loyal,65,F,3670
10421,Maria Jones,jonathanevans@example.net,North Kelly,2024-01-04,loyal,39,F,2223
10422,Michael Mitchell,ncarroll@example.net,Martinezland,2024-09-30,regular,19,M,830
10423,Mary Escobar,cummingslaura@example.org,Anthonybury,2025-11-04,loyal,41,F,1866
10424,Felicia Aguilar,spetersen@example.net,Washingtonville,2024-01-21,regular,25,M,1054
10425,Gregory Ponce,larsonkevin@example.net,North Josephtown,2026-02-21,regular,28,F,938
10426,Jenna Larson,dmiller@example.com,North Jasontown,2026-05-04,loyal,30,M,2307
10427,Emily Bennett,nichole66@example.org,Morrisonview,2026-09-26,loyal,34,F,1538
10428,Robin Santiago,julieatkinson@example.org,Kennedymouth,2023-11-23,loyal,25,M,1858
10429,Nancy Jennings,hbrown@example.org,Rogersmouth,2025-03-20,loyal,38,M,2660
10430,Maria Henderson,amber25@example.net,Lisastad,2024-01-17,loyal,35,M,2249
10431,Jack White,ericnunez@example.com,Grayton,2025-07-07,loyal,47,F,2134
10432,Travis Tucker,kmullins@example.net,Morganville,2026-04-16,loyal,35,F,1951
10433,Chad Jones,walkerkeith@example.com,South Monicafurt,2026-05-08,loyal,63,M,3137
10434,Ashley Wise,davidmiller@example.net,North Carolyn,2024-02-02,loyal,64,M,2748
10435,Sophia Johnson,kelleyjose@example.com,Stephaniebury,2026-02-02,loyal,48,F,2562
10436,Ralph Anderson,iayala@example.org,Shannonfort,2025-10-12,loyal,55,M,2160
10437,Christopher Guerra,fhansen@example.com,Kellertown,2024-04-18,loyal,49,F,3043
10438,Rhonda Martin,annshea@example.net,Allenstad,2024-11-23,regular,28,F,1167
10439,Jason Rhodes,johnadams@example.com,Port Jillmouth,2023-12-03,loyal,62,M,3200
10440,Jeremy Mitchell,gail91@example.org,New Todd,2024-03-09,loyal,42,M,2241
10441,Joann Ferguson,whenderson@example.org,West Ronniefort,2023-11-24,loyal,50,F,2370
10442,Robert Harrison,melvin04@example.org,Lake Paulborough,2025-11-09,loyal,55,M,3043
10443,Holly Valentine,christina79@example.org,Port Abigail,2025-11-26,loyal,58,M,2662
10444,Mrs. Diane Reyes,owilliams@example.org,East Tylerland,2024-09-13,loyal,25,F,1685
10445,Tracy Montoya,eric11@example.net,Marisaside,2026-07-06,regular,28,F,727
10446,Brenda Wright,sanchezchristine@example.org,Jacksonmouth,2025-03-27,loyal,39,F,2013
10447,Shelly Spencer,alexander14@example.com,South Elainebury,2025-07-31,vip,68,F,4369
10448,Ryan Rosales,njohnson@example.net,East George,2025-10-10,loyal,41,M,1549
10449,Phillip Nelson,jamesmills@example.com,North Ryantown,2025-01-13,loyal,58,M,2561
10450,Brittany Kim,jdean@example.net,West Raven,2024-09-17,loyal,34,F,1956
10451,Courtney Hayes,bennettrebecca@example.net,Jeffreyview,2023-11-02,loyal,29,F,1539
10452,Alexander Brown,scottbrian@example.org,Lynnville,2023-12-24,loyal,63,M,3325
10453,Cynthia Vang,brian01@example.com,New Cynthia,2023-11-09,loyal,49,F,2694
10454,Alfred Galvan,elizabeth51@example.org,Davismouth,2024-07-30,loyal,32,M,1917
10455,Marie Moody,michelle63@example.com,New Katie,2026-01-06,loyal,33,F,2204
10456,Dustin Gallegos,mckeetodd@example.net,Lake Matthewfurt,2026-05-01,loyal,39,M,2154
10457,Brenda Thornton,lopezvincent@example.com,Stokesbury,2025-05-11,loyal,45,M,2129
10458,Aaron Miller,williamssandra@example.com,Darrellland,2026-08-24,loyal,37,M,2186
10459,Ruben Dunn,tracy20@example.com,North Matthewshire,2026-08-26,loyal,50,M,3449
10460,Kelsey Rodriguez,michael43@example.net,Lake Sheri,2023-10-28,regular,27,M,1283
10461,Eric Williams,lisa46@example.org,Davidmouth,2026-02-04,loyal,57,F,2362
10462,Riley Bryant,jeremiah56@example.net,Raytown,2025-10-18,loyal,49,F,3003
10463,Taylor Carlson,christopherreyes@example.net,Bryanside,2023-12-19,loyal,67,F,3289
10464,Jose Allen,robertberry@example.com,Port Paul,2025-05-23,regular,50,F,1413
10465,Jeffrey Mendez,renee57@example.net,Floresstad,2025-05-08,regular,19,M,1373
10466,Jason Beck,jamietaylor@example.net,New Elizabeth,2026-09-14,loyal,50,M,2232
10467,William Jones,michelleparker@example.net,North Randall,2024-04-11,loyal,50,F,2454
10468,Katie Mcneil,russellstout@example.org,Stewartport,2025-07-28,loyal,58,M,3065
10469,Jeanette Harrison,lonniegrant@example.net,South Erin,2026-09-23,loyal,30,F,1595
10470,Veronica King,whitemary@example.org,New Justin,2025-07-24,loyal,47,M,2704
10471,Richard Cooper,cannonnicole@example.com,New Lukehaven,2026-01-30,loyal,50,F,2282
10472,Lori Ingram,vturner@example.net,West Wendyshire,2024-05-01,loyal,30,M,1756
10473,Evelyn Williams,edwin31@example.org,Welchborough,2024-03-27,loyal,69,F,3320
10474,Robin Thompson,anthonyodom@example.net,Carterfurt,2025-08-10,loyal,43,F,2519
10475,Julie Dominguez,catherine93@example.net,Port Masonborough,2024-03-31,loyal,39,F,2257
10476,Robin Brown,jerryjohnson@example.org,Lake Jill,2026-05-13,loyal,56,M,2332
10477,Judith Carter,manderson@example.com,Port Tony,2025-04-23,regular,19,F,1492
10478,Curtis Williams,jack67@example.com,Evansburgh,2025-03-29,loyal,55,F,2482
10479,Kaylee Hays,frankperez@example.com,New Philipchester,2024-07-26,loyal,56,F,3204
10480,Dawn Mullins,schaeferstephanie@example.org,Mooneyfurt,2025-03-16,loyal,43,F,2333
10481,Howard Norman,katherinejones@example.com,Jonesport,2025-08-08,vip,63,F,4069
10482,Evelyn Martinez,dwatts@example.org,Heatherborough,2023-12-28,loyal,67,M,3238
10483,Steve Paul,csullivan@example.net,Davismouth,2024-10-03,regular,32,F,1425
10484,Jasmine Beltran,zcortez@example.net,Port Sarahport,2024-09-24,loyal,51,F,2540
10485,Jonathan Glass MD,meyershannon@example.org,Penashire,2024-02-19,loyal,59,F,2798
10486,Monica Miller,aprilfoster@example.net,South Heather,2026-04-01,loyal,61,M,3449
10487,Samantha Gardner,grantzachary@example.net,Phyllisborough,2023-10-15,loyal,66,M,2491
10488,Bobby Guerrero,leescott@example.com,Port Kaitlin,2024-09-16,loyal,57,F,2323
10489,Lance Simmons,steven64@example.net,West Jessicashire,2025-07-02,regular,28,F,866
10490,Heather Williams,vaughnrebecca@example.com,Lake Kristenberg,2026-01-09,regular,20,M,1475
10491,Heather Bolton,gdavis@example.org,Clementschester,2026-02-28,loyal,23,F,2005
10492,William Gould,kimberlypace@example.net,North Cody,2023-12-10,regular,26,M,1247
10493,Mark Cox,phillipmorris@example.org,Whiteton,2023-10-23,regular,23,M,1065
10494,Meghan Cisneros,shawnmosley@example.org,New Debrashire,2024-10-22,regular,26,M,1335
10495,Lawrence Harrington,udavis@example.net,Bookerfurt,2023-12-27,loyal,56,M,3380
10496,Austin Osborne,jennifermartinez@example.org,North David,2024-01-27,loyal,48,F,1936
10497,James Bradley,fwalters@example.net,Burnsburgh,2023-12-27,loyal,49,M,2569
10498,Meghan Rush,gacosta@example.net,Parsonsland,2024-04-13,loyal,58,F,3387
10499,Phillip Berry,nicholasjames@example.org,Hancockfurt,2025-08-11,loyal,67,F,3600
10500,Jennifer Banks,ariana22@example.org,Cynthiamouth,2024-07-06,loyal,29,F,1544
10501,Brian Fitzgerald,kaylawilliams@example.com,Alexanderville,2024-12-11,loyal,25,F,1750
10502,Mr. Justin Green III,jessica74@example.net,North Tracyhaven,2023-12-06,regular,25,M,100
10503,Zachary Mitchell,davidanderson@example.org,North Brenda,2025-01-29,loyal,67,F,3688
10504,Katherine Martinez,deanjohnny@example.com,Hillville,2025-03-26,loyal,45,F,1922
10505,Jodi Roach,ifoley@example.org,South Todd,2026-04-22,regular,37,M,934
10506,Brandon Fleming,lyoung@example.net,Evansberg,2026-07-13,loyal,64,F,3455
10507,Emma Reed,cchavez@example.org,West Bryanside,2024-10-13,loyal,24,F,1886
10508,Joshua Vance,sanchezamy@example.net,South Lisa,2024-12-27,regular,28,F,1331
10509,Michelle Ho,brandonhernandez@example.net,South Angelaside,2024-04-18,loyal,37,F,2326
10510,Rebecca Hicks,benjamin09@example.net,Brownshire,2026-04-28,loyal,33,F,2456
10511,Curtis Taylor,mark10@example.org,Port Karenville,2025-06-08,loyal,21,M,1707
10512,Allison Spencer,kchaney@example.net,Port Carol,2025-10-12,loyal,23,F,1969
10513,Robert Arnold,cheryl99@example.net,North Angela,2026-07-17,loyal,39,F,2321
10514,Angelica Parker,tammycurry@example.com,Davidberg,2024-04-07,loyal,43,M,2187
10515,Dr. Kelly Hammond DVM,daviskevin@example.com,Lake Evan,2026-07-15,regular,20,M,199
10516,William Day,wwilkins@example.com,Melissaton,2024-01-27,loyal,58,M,2776
10517,Michael Cooper,carterdennis@example.net,North Williamstad,2024-01-26,loyal,59,F,2528
10518,Penny Bowman,mark68@example.org,South Tiffany,2024-10-22,loyal,31,F,2635
10519,Vincent Reynolds,cherylrodriguez@example.net,East Kevinhaven,2026-01-21,regular,28,M,1312
10520,Amy Martinez,webbhaley@example.net,Donnamouth,2024-08-14,loyal,35,F,1811
10521,Christopher Morris,ronald54@example.net,New Tracy,2025-11-06,loyal,29,M,1725
10522,Hannah Everett,sara99@example.com,Alexandrastad,2026-09-29,loyal,40,F,2021
10523,Sarah King,lvasquez@example.net,Lake Corey,2025-04-06,loyal,29,F,2297
10524,Krista Martinez,jeanettekrause@example.org,East Benjaminberg,2024-09-06,regular,30,F,1188
10525,Joseph Shaw,johnsoncolleen@example.org,Melissaborough,2025-08-19,loyal,42,M,2197
10526,Todd Moore,laurenduarte@example.com,New Andrea,2025-01-12,loyal,62,M,2728
10527,Michelle Jacobs,cookann@example.net,Joshuachester,2025-04-22,loyal,68,M,2739
10528,Kristy Bryan,alexharris@example.com,New Jonathanfurt,2026-02-02,regular,36,M,1494
10529,Angel May,kristy44@example.net,South Stephen,2024-12-27,loyal,63,F,3131
10530,Marilyn Wang,katie15@example.com,Ericaberg,2026-07-11,loyal,53,F,2435
10531,Mark Jimenez,nramsey@example.org,North Crystal,2024-10-13,loyal,62,F,2753
10532,Donna Frye,jamesbass@example.net,Wandaborough,2025-12-26,regular,25,F,546
10533,Dr. Michael Evans,zhendricks@example.org,Annehaven,2024-11-18,loyal,46,F,2258
10534,Anthony Gonzales,timothyburton@example.net,South Lorraine,2025-02-06,loyal,49,F,1697
10535,Mr. Lawrence Edwards,steven60@example.net,Victoriachester,2026-09-17,loyal,68,F,3780
10536,Morgan Valencia,annette58@example.net,Johnsonbury,2026-01-18,loyal,61,F,3091
10537,Bianca Wood,clarkgina@example.com,West Davidville,2025-11-20,regular,35,M,1021
10538,Emma Owens,montesjuan@example.org,Jonesland,2024-03-10,regular,23,M,995
10539,David Davis,tonya82@example.net,Reginaview,2023-12-22,regular,35,M,1373
10540,James Gilbert,hlopez@example.com,Port Lauren,2025-03-21,loyal,36,F,1959
10541,Sean Moore,jennifer46@example.org,Alejandrofurt,2025-06-29,loyal,39,F,2620
10542,Kenneth Edwards,xwiley@example.com,South Stephanie,2026-09-29,loyal,54,M,1762
10543,Kathleen Robertson,javier42@example.org,East Alishaport,2026-05-23,loyal,49,F,2507
10544,Mr. Alexander Landry MD,kristen31@example.com,Davisstad,2025-10-24,loyal,58,F,2819
10545,Cindy Gomez,lloydrebecca@example.org,Andreaville,2024-12-07,regular,20,M,1335
10546,Johnny Khan,matthewwebb@example.net,East Louisfurt,2024-01-29,loyal,45,M,2356
10547,Julie Herrera,kimberly21@example.net,West Linda,2024-08-11,regular,27,F,974
10548,Jessica Khan,jamiejohnson@example.com,Woodsberg,2024-04-30,loyal,68,F,3240
10549,Pamela Diaz,smithsarah@example.net,Alberthaven,2025-12-17,loyal,52,F,2201
10550,Kelly Lee,cookpamela@example.org,Lake David,2024-09-22,loyal,46,F,2838
10551,Angel Gordon,andrew43@example.com,Bradleyview,2025-01-15,loyal,32,F,1610
10552,Diana Hays,jameshill@example.com,Lake Daniellestad,2026-02-05,loyal,50,F,3450
10553,Barbara Hester,rlambert@example.org,Lake Charlotte,2024-08-22,regular,24,F,1169
10554,Robert Morgan,joshuasmith@example.net,Whitestad,2024-04-07,regular,29,F,1095
10555,Nicole Gonzalez,clarkmichael@example.com,Shawview,2025-04-30,loyal,66,M,2543
10556,Kathryn Williams,donald49@example.org,Meyerbury,2024-05-07,regular,47,M,1448
10557,Gary Wells,charlesaustin@example.com,Cynthialand,2023-11-24,regular,38,M,1107
10558,Larry Robertson,bwilliams@example.com,Richardmouth,2024-09-29,loyal,48,F,2533
10559,Louis Martin,rodriguezbrian@example.com,Lake Christopherbury,2026-09-18,loyal,41,F,2304
10560,Nancy Evans MD,mwhite@example.net,East Barbaraland,2025-08-13,regular,37,F,1059
10561,Kim Erickson,tjensen@example.com,Angelafort,2026-07-05,loyal,54,M,3147
10562,Robert Richardson,jenniferlambert@example.net,South Ericaberg,2025-09-03,regular,21,M,808
10563,Veronica Silva,beltrankatelyn@example.com,Jimenezside,2024-03-25,loyal,45,M,2323
10564,Molly Watts,christopherlang@example.net,South Alexanderborough,2023-11-02,loyal,61,M,3856
10565,John Coffey,tdavis@example.net,Lake Ronaldside,2025-11-13,loyal,37,F,2298
10566,Paula Lane,oruiz@example.org,Johnhaven,2023-11-21,loyal,41,M,1915
10567,Lauren Jackson,roberta62@example.net,New Shaneburgh,2024-11-22,loyal,67,M,2904
10568,Lisa Randall,kristina57@example.com,East Charles,2024-12-04,loyal,66,F,2224
10569,Michael Johnson,jonesdaniel@example.com,New Michael,2026-03-31,loyal,68,M,3040
10570,Ashley Smith,ssingleton@example.com,South Tylerburgh,2025-05-18,loyal,49,F,2344
10571,Christian Vaughn,williamsullivan@example.net,Taramouth,2025-01-08,loyal,58,F,2406
10572,Reginald Knapp,nguyendebra@example.com,Port Amber,2024-02-08,loyal,53,M,2584
10573,Nancy Brown,amorales@example.org,West Kevinport,2023-12-31,loyal,51,F,2588
10574,Daniel Nguyen,amydickson@example.com,Jasonshire,2024-12-06,loyal,53,F,2537
10575,Kelly Edwards,petersonlisa@example.net,Robinsonport,2026-05-04,regular,19,F,624
10576,Thomas Peterson,bmueller@example.net,South Patriciafort,2025-05-18,loyal,32,M,1684
10577,Raymond Le,amy32@example.net,West Adammouth,2025-11-07,loyal,51,F,2770
10578,Melissa Bishop,stevensonjennifer@example.com,Kennethville,2023-10-29,loyal,53,F,2104
10579,David Grant,vargassteven@example.net,West Pamelaburgh,2025-05-16,loyal,23,M,1855
10580,William Evans,shortgregory@example.com,Gomezville,2025-05-19,loyal,56,M,2750
10581,Daniel Bush,georgegina@example.net,Vasquezland,2025-08-19,loyal,59,F,2959
10582,Gregory Peck,pmurphy@example.net,South David,2023-12-07,loyal,68,F,3754
10583,Denise Martinez,davislisa@example.net,Smithview,2024-09-12,loyal,68,M,3516
10584,Jamie Baird,shermandonna@example.com,South Randall,2024-08-14,loyal,29,F,1926
10585,Tina Ballard,peter97@example.org,Michaelburgh,2025-05-11,regular,20,M,1143
10586,Dwayne Klein,erinstewart@example.net,Danielmouth,2024-07-12,loyal,62,M,2793
10587,Jeremy Scott,samantha65@example.org,Martinstad,2026-07-21,loyal,35,M,1930
10588,Dale Ryan,carrwilliam@example.org,Smithborough,2025-07-30,loyal,57,M,2278
10589,Melissa Taylor,bryan80@example.org,East Justinberg,2026-01-04,loyal,38,M,1954
10590,Laurie Sanchez,daniel40@example.org,Fishermouth,2023-12-20,loyal,32,M,1583
10591,Kiara Little,zpark@example.net,East Elizabethfort,2026-07-21,loyal,50,F,2395
10592,Jason Love,jennifer66@example.com,Davidfort,2025-01-16,loyal,52,M,2535
10593,Randy Smith,elainewells@example.org,Marshberg,2023-11-17,regular,43,M,1209
10594,Tanya Russell,xbridges@example.com,Karenfurt,2026-01-18,regular,25,F,975
10595,Sherry Woods,keithsalas@example.org,Andersonville,2025-03-23,loyal,53,M,2696
10596,Victor Morris,alexanderwong@example.org,East Erichaven,2023-11-09,loyal,65,F,3329
10597,Susan Davis,ibarrett@example.org,Port Gabrielleton,2026-05-02,loyal,47,M,1836
10598,Kimberly Sharp,dawnperry@example.com,Russelltown,2025-03-05,loyal,40,M,2632
10599,Susan Thompson,dhanson@example.net,Castilloport,2024-11-10,loyal,59,M,2516
10600,Casey Gillespie,carnold@example.com,Millerchester,2026-04-05,loyal,61,M,3534
10601,Jennifer Simpson DVM,jeremiah69@example.org,New Elijah,2024-08-31,loyal,31,M,1763
10602,Tammy Mcdowell,pbradford@example.net,East Juan,2023-11-11,regular,31,M,1226
10603,Keith Rodriguez,robert89@example.com,Port Josephbury,2025-03-12,loyal,19,M,1837
10604,Mrs. Virginia Daniels,goodashley@example.net,Gonzalezville,2026-05-22,loyal,54,M,2103
10605,Todd Rosales MD,daniel71@example.org,East Victoria,2025-08-04,loyal,22,M,1559
10606,Brian Martin,steven18@example.net,East David,2025-07-25,loyal,55,M,3250
10607,David Lopez,sanchezcrystal@example.net,Johnsonborough,2023-12-27,loyal,62,M,2764
10608,Rachel Bradley,suttonamber@example.net,South Andres,2024-03-17,loyal,58,F,3596
10609,Casey Chase,chloe58@example.org,North Michelle,2026-02-05,loyal,64,F,3074
10610,Samantha Robertson,egibson@example.net,Russellport,2025-05-24,loyal,31,M,1694
10611,Michael Lopez,robert44@example.org,East Matthew,2026-08-18,loyal,56,F,2930
10612,Franklin Wright,nealcarla@example.com,Brownchester,2024-12-19,loyal,42,F,2032
10613,David Molina,bryan79@example.org,West Danielstad,2026-01-07,loyal,37,M,2255
10614,Elizabeth Sharp,douglaskelly@example.net,Sherrychester,2025-09-19,regular,19,F,1346
10615,Matthew Schwartz,mitchellchristopher@example.net,West Patty,2025-07-19,loyal,56,F,1925
10616,Bryan Parker,yorkjoshua@example.org,North Aaron,2026-03-07,loyal,23,M,1802
10617,Jonathan Jacobson,joshua40@example.net,Jasonfort,2026-02-28,regular,34,M,868
10618,Emily Wilson,munozrenee@example.net,Rebekahville,2025-12-14,loyal,42,F,2616
10619,Elizabeth Mendez,donnawood@example.org,Lopezfort,2024-11-07,loyal,45,F,2813
10620,Casey Hernandez,kimberly37@example.org,Matthewville,2024-06-08,regular,19,M,404
10621,Lisa Perry,cooperchristopher@example.org,Lake Alexanderside,2025-05-14,loyal,52,M,2394
10622,Kaitlin Medina,marymullins@example.com,West Michael,2025-09-24,loyal,54,M,2147
10623,Colleen Wright,cyoung@example.net,Juliashire,2024-10-04,regular,22,F,992
10624,Shelley Miller,jasonnavarro@example.com,Johnview,2024-04-21,regular,18,F,745
10625,Michael Miller,maykarla@example.org,New Patrick,2023-10-23,loyal,57,M,3239
10626,Amy Kelley,jacksonraymond@example.com,East Crystalville,2024-12-09,loyal,29,M,2105
10627,Laura Hernandez,wreese@example.net,New Tanyaborough,2026-08-25,loyal,53,F,3347
10628,Joseph Wilson,noahthornton@example.com,Lake Sean,2024-11-29,loyal,62,M,2818
10629,Kevin Davis,dustin60@example.com,North Shellymouth,2024-02-09,loyal,40,M,1895
10630,Rhonda Chavez,ureyes@example.net,Jessicaborough,2024-10-22,loyal,64,F,2358
10631,Joyce Brown,davisamanda@example.com,North David,2026-01-20,loyal,48,F,1997
10632,Robert Cummings,pbishop@example.com,Pierceview,2025-01-01,loyal,28,F,1882
10633,Robert Reese,joseph14@example.net,Patriciamouth,2025-03-07,loyal,27,F,2157
10634,Amber Cooper,rmurray@example.net,South Carloschester,2026-03-05,regular,20,M,382
10635,Zachary Michael,jessicachapman@example.org,East Carolberg,2025-06-03,regular,31,M,1253
10636,Timothy Johnson,erica25@example.net,Brandonshire,2023-11-28,loyal,33,F,1636
10637,Randy Cannon,chambersmarie@example.org,Port Teresaborough,2026-05-13,regular,27,M,1490
10638,Maria Fisher,gdavis@example.net,Simpsonside,2024-11-29,loyal,46,M,1895
10639,Janet Kane DVM,ubell@example.com,East Samuelhaven,2025-04-13,loyal,27,M,1562
10640,Michael Stanley,james09@example.org,Hartfurt,2024-11-20,regular,29,M,1213
10641,Martha Bailey,maysdiane@example.org,Lawsonborough,2026-07-20,loyal,47,M,2342
10642,Joshua Rice,ericksondavid@example.net,North Ernest,2024-10-23,loyal,58,M,3173
10643,Courtney Smith,nicholasgallagher@example.net,New Heather,2026-07-10,regular,18,M,903
10644,Edwin Nunez,pauladominguez@example.com,Gordonhaven,2026-05-01,regular,22,M,881
10645,Kim Morrow,steven17@example.com,Kevinbury,2023-10-19,loyal,37,F,1795
10646,Gregory Hill,qschwartz@example.com,Jeanetteside,2024-04-10,regular,25,F,1205
10647,Molly Rodriguez,fernando14@example.org,East Jeffreyside,2025-01-18,loyal,60,F,2814
10648,Jennifer Miranda,dprice@example.com,West Benjamin,2026-03-01,regular,29,F,1320
10649,Alexis Harris,gregory17@example.org,West Sara,2026-07-22,loyal,18,F,1699
10650,Andrew Harper,fwhite@example.org,Morganton,2025-02-09,loyal,37,M,2130
10651,Amber Yang,amberreynolds@example.net,Port Jason,2024-11-13,loyal,45,F,2102
10652,David Robinson,gainesjennifer@example.org,North Deborahstad,2024-07-03,loyal,60,F,3348
10653,Amy Gordon,jonesashley@example.com,Christopherside,2025-08-19,loyal,54,F,2533
10654,Robert Dennis,fsmith@example.org,Jenniferchester,2025-09-17,loyal,64,M,3786
10655,Kyle Chambers,fitzpatrickelizabeth@example.com,Markton,2023-10-26,loyal,54,M,2884
10656,Eric Thomas,isabelconway@example.net,Port Michaelview,2025-08-13,regular,29,M,1396
10657,Connie Turner,robertsonshelby@example.com,West Teresa,2023-10-13,loyal,54,M,2923
10658,Travis Hobbs,ugraham@example.org,Lake Juliefurt,2025-09-23,loyal,66,F,2514
10659,Lori Simmons,aaronfinley@example.com,Mollyside,2023-11-26,loyal,66,F,2736
10660,William David DDS,bradleysavannah@example.com,Port Scott,2025-04-09,loyal,61,M,2453
10661,Emma Butler,evelyn60@example.net,Josephshire,2025-10-14,loyal,45,F,2321
10662,James Webster,diazmelissa@example.com,Moorebury,2026-06-16,vip,64,F,4066
10663,Samuel Turner,randallkathleen@example.com,Richardsonfort,2026-02-10,loyal,32,M,2715
10664,Renee Melendez,gregorywilliams@example.com,South Hunterburgh,2024-09-02,regular,23,M,1469
10665,Tracy Grant,kentprice@example.org,East Ashley,2025-06-25,loyal,61,M,3300
10666,David Harris,tom73@example.org,Lake Julian,2023-12-30,regular,37,M,949
10667,Tammy Boone,leejennifer@example.net,Frankburgh,2026-03-18,loyal,67,M,3078
10668,Nathaniel Lee,tracybrown@example.net,Mcdanielborough,2024-01-31,regular,31,M,1156
10669,Michael Morrison,victor70@example.org,East Charlesbury,2024-12-02,regular,19,M,639
10670,Chelsea Gill,brian06@example.org,Stoutfurt,2026-05-05,regular,26,M,1215
10671,Kristin Mendoza,lindsaycontreras@example.com,Lake Alisontown,2026-02-02,loyal,54,F,2463
10672,Felicia Krueger,joycehall@example.org,South Patrickville,2025-01-29,regular,37,M,860
10673,Timothy Hayden,mosstracy@example.org,Port Mariaton,2024-01-07,loyal,43,F,2523
10674,Zachary Mendoza,nmeadows@example.org,East Kayla,2025-08-14,loyal,46,M,1763
10675,Larry Harris,jacquelineanderson@example.org,Douglastown,2024-07-05,regular,18,F,1019
10676,Kristen Rowe,conwaylori@example.org,Port Danielmouth,2024-11-03,loyal,52,M,3637
10677,Joseph Howard,lcarr@example.org,East Donaldshire,2024-12-01,regular,23,M,690
10678,Jose Crawford,wilsonbrooke@example.net,Ochoaport,2024-11-06,regular,54,F,1434
10679,William Harrison,bryanharris@example.com,Timothybury,2025-11-06,regular,22,F,956
10680,Suzanne Wood,rnguyen@example.net,New Heatherside,2024-04-14,loyal,50,F,3050
10681,Justin Walker,marcoconnell@example.org,North Malloryville,2024-09-17,vip,66,M,4279
10682,Dean Donovan,watkinsmatthew@example.org,Curtischester,2026-06-05,loyal,68,M,2785
10683,Jennifer Hernandez,donald62@example.net,North Rhonda,2024-06-27,loyal,31,F,1798
10684,James Whitaker,angela73@example.net,East Ronaldberg,2024-05-15,regular,29,F,1217
10685,Mr. Michael Scott PhD,andersonkylie@example.net,Dianabury,2026-05-16,loyal,59,F,2897
10686,Maria Henry,bstrickland@example.com,Mcdanielville,2026-07-15,loyal,37,F,3172
10687,Robert Jackson,smithharry@example.org,Jacksonville,2023-12-16,loyal,67,M,2598
10688,Katherine Stark,robert72@example.org,North Stephanie,2024-09-25,loyal,41,F,2176
10689,Maria Brown,daniellemills@example.com,Michaelmouth,2024-03-25,loyal,60,M,3233
10690,Ryan Landry,sharonbishop@example.org,West Sandraland,2026-07-12,loyal,51,M,3092
10691,Pamela Gutierrez,jennifersalazar@example.org,New Edwardchester,2023-11-28,loyal,42,M,2148
10692,Crystal Mann,michael08@example.org,Carolchester,2024-07-12,loyal,67,F,3504
10693,Jonathan Brooks,davidmoreno@example.org,Lake Gloria,2026-08-28,loyal,46,M,2104
10694,Mary Jensen,michelle88@example.org,Michaelville,2025-11-25,loyal,56,M,2934
10695,Mr. Aaron Arnold,qtownsend@example.org,Sabrinastad,2025-08-13,loyal,48,F,2228
10696,Joseph Hill,brian12@example.net,Lisaland,2026-03-18,loyal,64,M,3510
10697,Alicia Li,kjimenez@example.net,Port Sarahberg,2025-02-03,loyal,60,F,2815
10698,Renee Browning,brownmichael@example.org,West Dylan,2023-12-04,loyal,67,M,3538
10699,Brent Hernandez,nking@example.com,Griffithfort,2026-02-05,loyal,40,F,1985
10700,Joseph Ochoa,garciabrian@example.net,North Beckyview,2024-09-18,loyal,61,F,3613
10701,James Watson,ericjohnson@example.net,North Marcus,2024-01-02,loyal,55,M,2724
10702,Karl Branch,jonesjoe@example.com,East Katrina,2024-11-05,regular,37,M,963
10703,Michael Abbott,robert53@example.org,Luischester,2024-11-02,loyal,40,M,2630
10704,Shannon Malone,jeremy36@example.org,Steelechester,2023-10-25,loyal,62,M,2647
10705,James Tran,evance@example.com,Devonbury,2026-08-18,loyal,69,F,3123
10706,Adam Jackson,bbrown@example.org,Barnesfort,2025-03-31,regular,33,M,1352
10707,Mr. Richard Knight PhD,sarahgibson@example.com,Patelbury,2026-01-16,vip,67,F,4037
10708,Joseph Williams,derek35@example.com,Millerchester,2023-12-08,loyal,59,M,1882
10709,Sean Clay,matthewjohnson@example.net,Lake Christopher,2026-04-19,loyal,25,F,2818
10710,Anthony Jones,ramirezdaniel@example.com,Aarontown,2024-09-28,loyal,67,F,3878
10711,Stephanie Elliott,wbarnes@example.com,Angelaberg,2025-03-26,loyal,38,F,2011
10712,Timothy Edwards,oliviamunoz@example.net,North Rhondastad,2024-03-17,regular,18,M,872
10713,Laurie Goodwin,belindatran@example.org,West Steven,2024-01-28,regular,25,M,1392
10714,Jennifer Jones,jenkinsaimee@example.org,Sanchezbury,2025-11-25,loyal,46,M,2560
10715,David Davenport,rhood@example.org,Lake Devinberg,2025-08-19,loyal,49,F,2772
10716,Steven Rivera,pfitzgerald@example.org,Quinnchester,2024-03-23,loyal,55,F,3027
10717,Brenda Hinton,ryan39@example.org,Brianville,2025-12-01,regular,22,F,1144
10718,Kathryn Mccann,butlerbradley@example.com,South Maryburgh,2024-01-28,loyal,64,M,3101
10719,Jeffrey Roberson,simmonsphillip@example.net,East Michaelland,2024-10-02,loyal,39,F,1874
10720,Randy Friedman,chavezjohn@example.net,North Alexander,2024-08-11,loyal,64,F,3102
10721,Raymond Johnson,steelerichard@example.org,Hernandezburgh,2025-02-17,loyal,51,M,3116
10722,Willie Henry,michaelallen@example.org,Manninghaven,2026-03-04,regular,18,M,1196
10723,Todd Reynolds,castillokevin@example.net,Theodoremouth,2025-04-28,regular,43,F,679
10724,Mary Miller,vhodge@example.net,Harringtontown,2026-08-22,loyal,60,F,3327
10725,Rebecca Marquez,braysteven@example.org,Danielton,2025-07-07,regular,27,F,1447
10726,Christian Dawson,xlopez@example.net,New Karenhaven,2024-01-18,loyal,47,M,2340
10727,Nancy Stewart,apadilla@example.net,North Randy,2026-06-23,loyal,67,F,3155
10728,Aaron Parker,cruzhannah@example.net,Fraziermouth,2025-07-23,loyal,35,M,2312
10729,Derrick Anderson,phillipskaren@example.net,Samanthahaven,2024-12-12,loyal,34,M,2173
10730,Jerry Peters,kristinmiller@example.com,Jennachester,2024-05-09,loyal,43,M,1763
10731,Alexander Gomez,robertsonrenee@example.com,West Teresa,2023-11-07,regular,25,F,1453
10732,Kyle Nguyen,rodriguezmichael@example.net,Spenceberg,2025-02-18,loyal,64,F,2714
10733,Edgar Hughes,diazgregory@example.net,South Christine,2026-04-29,loyal,57,F,2160
10734,Steven Stein,castrokim@example.org,South Isaiah,2025-04-11,loyal,66,M,2986
10735,Laura Jackson,john17@example.net,Port Heatherfort,2025-03-03,loyal,29,F,1881
10736,Charles Turner,karenhodges@example.com,Denisefurt,2025-06-25,loyal,44,M,2676
10737,Arthur Hamilton MD,rachael86@example.com,Martinstad,2026-07-08,loyal,25,F,1506
10738,Mr. David Wright,brownmichael@example.com,Leeville,2025-05-04,loyal,42,M,2462
10739,Linda Gonzalez,harrisonamanda@example.net,North Michaelmouth,2025-09-30,loyal,63,M,3408
10740,Eric Rush,shannon51@example.org,East Julianside,2024-12-29,regular,21,M,729
10741,Manuel Brock,zmiller@example.org,North Jasontown,2026-05-23,loyal,50,M,2715
10742,George Ochoa,susan11@example.org,Jacobborough,2023-11-17,regular,18,F,1300
10743,Valerie Taylor,daniel27@example.org,East Josephshire,2024-06-05,loyal,36,F,2177
10744,Travis Harris,abigailburton@example.com,New Valeriefort,2025-04-24,loyal,48,M,2994
10745,Vincent Novak,imontes@example.org,North Leonardport,2023-12-08,loyal,33,F,2004
10746,Michael Henry,creed@example.net,West Karenfurt,2024-12-24,loyal,31,M,1725
10747,Dana Bennett,carterbryan@example.org,West Karen,2024-05-20,loyal,65,F,3785
10748,Jenna Wilson,robert55@example.com,Terriville,2026-04-05,regular,22,F,1086
10749,Leslie Gardner,kellis@example.org,Richardhaven,2023-11-08,loyal,58,F,2459
10750,Krista Benton,george43@example.com,New Lindseyberg,2024-03-13,loyal,43,M,2068
10751,Michael Gonzales,tara02@example.com,New Laurafort,2026-05-03,loyal,45,F,1877
10752,Michael Fuentes,stephen29@example.org,West Evanmouth,2024-08-23,regular,19,F,612
10753,Jennifer Porter,ian22@example.org,Lake Christopherbury,2025-01-28,loyal,67,M,3277
10754,Dana Hopkins,darylchaney@example.net,Port Erin,2025-12-01,regular,23,M,753
10755,Rachel Jones,scottwood@example.org,Port Jennifer,2025-11-27,regular,26,F,1146
10756,Karen Morales DDS,wadetiffany@example.org,Sethberg,2026-03-21,loyal,50,F,1553
10757,Melissa Stephens,shane28@example.com,Kellychester,2025-03-17,loyal,58,F,3006
10758,Heather Woodard,knapprichard@example.com,Lake Kimfurt,2024-08-28,loyal,42,F,2100
10759,Margaret Miller,staciereilly@example.org,East Wendy,2025-05-10,loyal,65,F,2841
10760,Mary Kelly,cordovaamy@example.net,East Ashleyfort,2026-03-23,loyal,30,M,1829
10761,Amanda Terrell,deborah47@example.com,Port Alexisport,2023-11-19,loyal,26,M,1768
10762,Jennifer Goodwin,laurenchandler@example.com,South Clintonmouth,2026-07-16,regular,30,M,696
10763,Jessica Smith,hannah70@example.org,West Evan,2024-05-20,loyal,48,F,2018
10764,Jorge Stone,parkerrichard@example.org,Barbarastad,2025-05-14,loyal,58,M,2515
10765,Laura Griffin,uhoward@example.org,North Haroldmouth,2026-07-04,regular,28,F,930
10766,Raymond Chapman,brandywalker@example.com,Valerieview,2024-01-29,regular,21,F,1464
10767,Haley Johnson,andrewryan@example.com,Santosberg,2024-01-28,loyal,51,F,2453
10768,Jason Nixon,daughertypreston@example.com,New Tracystad,2024-09-12,loyal,55,M,2617
10769,Todd Thomas,carrie80@example.net,Richardberg,2026-02-24,loyal,63,F,2148
10770,Jesse Clark,raymond65@example.com,Richardsonmouth,2025-11-20,regular,21,M,1367
10771,Mr. Jeffrey Horton,alexander55@example.com,Christopherchester,2026-03-10,loyal,55,F,2130
10772,Eric Patrick,fsawyer@example.org,Bakerton,2026-06-05,loyal,36,M,1829
10773,Samuel Wong,afigueroa@example.com,Lake Krystalside,2026-01-28,regular,23,M,1288
10774,Carly Riggs,frank66@example.org,East Melissaport,2025-07-10,loyal,51,F,3230
10775,Christopher Moore,thomaskevin@example.net,Moorefurt,2026-01-14,regular,35,M,1095
10776,Tina Hall,carl96@example.org,East Paulmouth,2024-04-05,regular,30,M,100
10777,Cody Davidson,ortizrobin@example.com,West Stevenside,2025-12-27,loyal,58,F,2991
10778,Allen Mendez,angelapage@example.org,Rodriguezburgh,2023-12-18,loyal,40,F,2900
10779,Kevin Price,jacobjames@example.net,South Kaylaborough,2026-04-30,loyal,36,F,2419
10780,Christine Goodwin,twilliams@example.net,Murphymouth,2025-10-02,loyal,62,F,3204
10781,Amy Garcia,troy73@example.org,Wendyfort,2026-07-20,regular,28,F,1154
10782,Chelsea Nguyen,moorekevin@example.net,Lake Judith,2025-12-22,regular,18,M,1303
10783,Dennis Huffman,qmartinez@example.com,West Shawnside,2025-12-16,loyal,41,M,1563
10784,Margaret Harper,swhite@example.net,South Dustin,2025-08-15,regular,24,M,1438
10785,Laurie Bailey,anthonyhubbard@example.com,West Ashley,2025-02-03,loyal,42,F,2352
10786,Lisa Cervantes,georgemichael@example.com,Brownstad,2024-11-21,loyal,38,F,2430
10787,Elizabeth Mendez,ooneill@example.net,Irwinborough,2024-07-28,loyal,32,M,2979
10788,Cesar Wilson,hmccann@example.com,East Mirandachester,2026-03-11,regular,18,M,1096
10789,Clayton Steele,brucefrancisco@example.org,Johnnyburgh,2024-12-28,regular,29,F,1195
10790,Jennifer Taylor,luisjohns@example.org,East Chadfurt,2024-10-13,regular,24,M,1187
10791,Cody Reid,frank45@example.com,West Morganmouth,2025-02-21,regular,32,F,715
10792,Maria Cooke,brandon48@example.net,Warrenview,2024-10-11,loyal,38,F,1552
10793,Katherine Taylor,palmerkatie@example.org,Port Brian,2025-04-14,loyal,36,F,1595
10794,Jerry Brown,georgegary@example.com,Petersonport,2024-09-22,loyal,46,M,2037
10795,Adam Taylor,margaret44@example.net,East Michael,2025-09-07,loyal,42,F,2176
10796,Tracey Wagner,cody95@example.org,Olsonside,2025-01-31,loyal,50,F,2088
10797,Michael Perry PhD,taylorjuan@example.com,Lake Samuel,2024-03-27,loyal,66,F,3860
10798,Bradley Johnson DDS,kpeterson@example.org,Morrowside,2026-09-10,loyal,49,F,2450
10799,Donald Medina,ericwalker@example.org,North Jennifer,2024-10-08,loyal,66,F,3295
10800,Jim Newton,butlersabrina@example.org,West Elizabeth,2025-08-21,loyal,52,F,2436
10801,Krista Wilson,sandramendoza@example.com,Alexismouth,2025-06-27,loyal,61,M,3127
10802,Reginald Morrow,don79@example.net,South Michelle,2025-04-14,loyal,55,F,3162
10803,Rodney Williams,gerald40@example.net,Port Tarachester,2024-01-31,loyal,43,F,1716
10804,Kimberly Fritz,walkermelissa@example.org,Abigailtown,2025-03-29,regular,28,M,1070
10805,Ronald Potter,kyleclark@example.org,Hardingberg,2026-02-16,loyal,52,F,2448
10806,Zachary Cole,yvazquez@example.org,Fowlershire,2025-11-23,regular,25,F,577
10807,Robert Gonzales,smithtodd@example.com,North Jefferyborough,2024-01-26,loyal,63,F,2740
10808,Patricia Young PhD,gonzalezantonio@example.net,Hortonburgh,2025-04-14,regular,31,M,1311
10809,Heather Page,harrisonrebekah@example.org,Robinsonborough,2026-07-10,loyal,27,M,1787
10810,Carol Taylor,turneralex@example.org,Lake Barbara,2025-10-21,regular,19,F,1081
10811,Daniel Brown,morajamie@example.org,West Lisatown,2026-04-27,loyal,63,F,3246
10812,Douglas Ryan,ellenjohnson@example.org,Peggyhaven,2024-09-21,loyal,26,M,1725
10813,Michael Roberts,stacy55@example.org,Lake Victormouth,2025-08-27,regular,20,F,931
10814,Scott Duke,williamjones@example.net,Jenkinsstad,2025-07-11,loyal,38,F,2095
10815,Anna Estes,ricejennifer@example.com,Millsmouth,2024-09-20,loyal,43,F,2098
10816,Tamara Riddle,rachelmedina@example.net,East Stephenstad,2026-03-02,regular,25,F,1382
10817,Beth Cline,glasssamantha@example.net,New Brooke,2024-04-11,loyal,65,M,2958
10818,Michael Poole,lrichardson@example.org,Jameschester,2026-01-12,regular,19,M,100
10819,Megan Burns,gnunez@example.org,Jacquelineville,2024-10-14,regular,23,M,1082
10820,Debra Perry,tina63@example.net,Port Maryland,2025-06-24,loyal,45,F,2961
10821,Mark Beard,rickjuarez@example.com,New Sarahville,2026-08-12,loyal,46,M,2763
10822,Jose Ramirez,owensapril@example.com,Bradyside,2026-03-26,loyal,43,M,2632
10823,Jackie Clements,janet80@example.org,Lake Seanshire,2026-07-30,loyal,42,M,2718
10824,Aaron Schroeder,tristan64@example.com,Lake Kellychester,2024-05-01,regular,29,F,1494
10825,Monica Ellis,gloria73@example.net,East Kimberly,2026-04-27,regular,22,F,1198
10826,Heather Brown,broberts@example.org,Wilsonfort,2024-11-07,loyal,51,M,2241
10827,Claudia Jordan,jacobsonleah@example.net,West Tammymouth,2024-12-18,loyal,65,M,3091
10828,Derrick Clayton,harry71@example.com,Odonnellfurt,2025-03-13,loyal,54,F,3007
10829,Kenneth Knight,rmills@example.org,West Kimberlyhaven,2025-01-29,loyal,32,M,2201
10830,Mr. Michael Williams,thomasrichard@example.net,Josephview,2024-03-31,loyal,61,M,2980
10831,Richard Stevens,figueroapatricia@example.org,Marychester,2024-02-03,loyal,53,M,2424
10832,Scott Alexander,coxjames@example.org,North Rachel,2025-06-25,loyal,32,M,1600
10833,Tyler Harris,bmartinez@example.net,Johnsontown,2025-07-15,loyal,60,M,3300
10834,Bonnie Santos,tramirez@example.net,Port Nicholas,2025-11-22,loyal,65,F,2528
10835,Timothy Hill,katelyn65@example.com,Matthewshire,2024-05-17,regular,40,M,851
10836,Danielle Watson,garcher@example.com,Allenfurt,2026-03-12,regular,23,F,874
10837,Carol Sanders,katrinarodriguez@example.com,New Deanna,2025-11-05,loyal,63,M,2539
10838,Michael Young,ocrawford@example.org,Port Sarahchester,2026-06-08,loyal,67,F,3095
10839,Michele Smith,garciabrian@example.org,Lake Peter,2024-08-02,loyal,61,F,2976
10840,Casey Perez,lgregory@example.com,South Rebecca,2024-07-05,loyal,60,M,2773
10841,Alexandra Dominguez,eric99@example.org,South Jerry,2025-09-04,loyal,62,F,3826
10842,Virginia Henderson,guerreroapril@example.com,New David,2023-10-24,loyal,38,M,2063
10843,Benjamin Reyes,qharris@example.com,Cameronview,2024-06-15,loyal,40,F,2150
10844,Ashley Edwards,iwagner@example.com,West James,2024-04-04,loyal,60,M,3311
10845,Breanna Ayala,cisnerosanthony@example.com,North Samuelshire,2025-07-11,regular,33,M,1080
10846,Brandi Haney,reyesleonard@example.com,North Christine,2024-11-12,loyal,64,M,3719
10847,Joseph Smith,cstevens@example.org,New Patrickberg,2026-02-07,loyal,32,F,1562
10848,Jessica Bowen,nicole27@example.com,Waltersstad,2025-09-28,loyal,42,F,2435
10849,Brittany Jenkins,larryprice@example.org,East Denise,2024-03-04,loyal,53,F,2114
10850,Shannon Miller,rkeller@example.net,West James,2024-04-13,regular,28,M,623
10851,Paul Lawrence,kalvarez@example.net,Lake Kimberly,2023-11-21,loyal,68,F,3808
10852,Victor Edwards,myerstroy@example.com,Townsendton,2025-07-31,loyal,32,M,1788
10853,Donald Miller,katie45@example.org,Christopherberg,2023-11-06,regular,21,F,598
10854,Lindsay Lawson,garzadavid@example.com,Lake Traciville,2026-09-05,regular,38,M,1465
10855,Melissa Abbott,lisa90@example.net,South Saraville,2024-06-15,loyal,30,M,2062
10856,Elizabeth Holmes,oscar65@example.com,East Justinburgh,2024-01-21,regular,39,M,1355
10857,Nicole Phillips,qbell@example.org,North Troystad,2024-04-22,loyal,36,M,2621
10858,Steven Blevins,jimmycollins@example.org,South Craig,2025-12-07,loyal,51,F,2099
10859,Brian Porter MD,meltondanny@example.org,South Charlesland,2025-12-30,loyal,31,M,1869
10860,Vanessa Hatfield,ryanbenjamin@example.net,Lake Robert,2025-05-24,regular,21,F,885
10861,Bonnie Valencia,abradley@example.com,Cynthiamouth,2025-07-17,loyal,65,M,3551
10862,Holly Vega,dominguezbrianna@example.com,East Kent,2025-04-02,loyal,69,F,3177
10863,Tiffany Townsend,uhudson@example.net,Lake Ashley,2024-04-14,loyal,63,M,3068
10864,Austin Baker,stokescraig@example.net,North Theresastad,2025-06-15,loyal,44,M,2220
10865,Antonio Mccormick,matthewshaw@example.net,Cooleyside,2026-09-16,loyal,46,F,1798
10866,Lori Mason,garrett45@example.com,East Aimeeview,2026-02-11,loyal,64,M,3570
10867,Michael Miller,tylerboone@example.org,East Catherineside,2024-10-09,loyal,45,M,1993
10868,Lisa Ramirez,karlwilliams@example.net,New Williamberg,2024-12-28,loyal,52,F,2485
10869,Jorge Harris,nballard@example.net,Port Michael,2024-04-01,regular,25,F,752
10870,Kimberly Myers,robbinsbelinda@example.net,North Mark,2025-03-06,regular,33,M,368
10871,Sandra Becker,joshua98@example.com,North Jessica,2025-03-05,loyal,59,M,2854
10872,Michael Blair,yclark@example.org,West Joshua,2026-04-05,loyal,53,F,3856
10873,Amy Miller,william46@example.net,North Michael,2026-05-02,loyal,47,M,2742
10874,Jesse Lynch,james64@example.net,Stuartfort,2026-05-14,loyal,35,M,1740
10875,Patrick Yang,jpowers@example.org,Huntfurt,2024-03-15,regular,19,M,818
10876,Michael Miles,burtonzachary@example.org,West Gerald,2023-12-09,loyal,66,F,3311
10877,Troy Mills,vlewis@example.com,Suzanneville,2024-01-22,loyal,30,F,1773
10878,Michelle Jackson,sharon89@example.com,Gabrielborough,2025-04-03,regular,21,M,459
10879,Richard Adams,boydmichael@example.org,Hamiltonmouth,2025-08-27,loyal,43,M,2707
10880,Patricia Johnson,edwardjennings@example.com,Carlsonview,2025-06-26,loyal,42,M,2457
10881,Denise Brown,ejenkins@example.net,Cindyfurt,2026-06-05,loyal,47,F,2709
10882,Laura Jones,meghanadams@example.com,Gonzalezstad,2025-08-28,loyal,28,M,1619
10883,Ian Porter,jonathanburke@example.com,Rachaelland,2025-08-06,regular,24,M,1209
10884,Holly Scott,daniellee@example.org,Jacksonton,2024-12-22,loyal,48,F,2736
10885,Kenneth Sharp,steven86@example.com,Brendaport,2025-10-10,loyal,61,M,3345
10886,Jordan Williams,harrisjoseph@example.org,Raymondville,2026-09-21,regular,27,F,1172
10887,Dana Ruiz,kristine48@example.org,Port Marcus,2024-04-26,loyal,56,M,2513
10888,Chris Velazquez,stuarttodd@example.org,West John,2024-07-10,loyal,30,M,1550
10889,Kristen Sloan,heathchristopher@example.net,Lake Nathan,2026-04-02,loyal,48,M,3174
10890,Jennifer Morris,michelle65@example.net,Port Leonard,2025-11-29,regular,24,F,580
10891,Nathan Nelson,sandersmary@example.org,West Haleymouth,2024-02-07,loyal,66,F,2566
10892,Jake Shaw,danielnavarro@example.org,South Ashley,2024-05-23,loyal,59,F,3032
10893,Cassie Brock,tyler13@example.net,Rachelside,2023-10-12,loyal,59,M,2975
10894,Dr. Andrea Marshall,mejialawrence@example.net,South Justinborough,2026-04-09,loyal,53,F,2736
10895,Ryan Murphy,vshaffer@example.org,North Ann,2026-04-08,loyal,37,M,1971
10896,Aimee Gonzalez,grobinson@example.org,New Patriciachester,2025-04-26,regular,21,M,938
10897,Elizabeth Dean,taragonzales@example.com,Stewartmouth,2026-08-11,loyal,24,F,1944
10898,Kevin Snyder,henrynicholas@example.org,East Brandon,2026-07-04,regular,18,M,100
10899,Christie Mccullough,amy73@example.com,Jimenezview,2025-09-03,loyal,61,M,2635
10900,Danielle Smith,michaelbaldwin@example.com,Wilsonmouth,2025-05-11,loyal,62,M,3048
10901,David Reed,brewerrebecca@example.org,New Mark,2025-02-08,loyal,59,M,2128
10902,Sherry Tapia,vazquezkristina@example.org,Youngtown,2025-08-11,loyal,64,M,3112
10903,Matthew Sweeney,angela45@example.net,Andrewshire,2024-06-30,loyal,30,F,2330
10904,Ashley Moreno,nicholsjoel@example.com,South Justinfurt,2025-11-28,loyal,39,M,1960
10905,Johnathan Brown,zsmith@example.com,New Samanthaton,2026-03-31,loyal,38,F,2015
10906,Michelle Davis DVM,christopher34@example.org,Deannaland,2024-12-06,regular,39,F,1319
10907,Kelly Haynes,ruthwelch@example.net,Davischester,2024-02-27,loyal,45,M,1941
10908,William Miller,rmccormick@example.org,Joshuastad,2024-09-24,regular,26,M,1112
10909,Casey Wilkins,aruiz@example.com,Millermouth,2025-01-03,loyal,43,M,1991
10910,Keith Graham,gmcdowell@example.org,Salazarfurt,2025-11-04,loyal,26,F,1940
10911,Cynthia Green,william56@example.net,Heathermouth,2025-03-12,loyal,32,M,1878
10912,Robert Haynes,shawn00@example.net,Allisonville,2023-12-14,regular,27,F,794
10913,Emily Nelson,crystalgibbs@example.org,Sharonville,2026-02-22,loyal,41,M,2173
10914,Dale Chan,moralescourtney@example.com,East Brandontown,2025-12-12,loyal,59,F,3199
10915,Brittney Martin,rodriguezjohn@example.net,North Victoria,2025-12-23,loyal,25,M,1820
10916,Jason Herrera,melaniejennings@example.com,Perezland,2026-03-18,loyal,41,M,2840
10917,Christine Parker,vmendoza@example.org,Lake Rachel,2025-11-27,regular,33,F,1142
10918,Bryan Moore,glenn95@example.com,Lisaside,2025-07-23,loyal,66,F,2894
10919,Samantha Terry,christopherrichardson@example.com,Lake Mirandaview,2024-12-16,loyal,43,M,1521
10920,Russell Murphy,kduffy@example.org,North Brandonport,2025-02-12,loyal,44,F,2082
10921,David Kelly,vaughansandra@example.net,West Markfurt,2025-05-18,loyal,54,F,2933
10922,Megan Green,rebeccamccann@example.org,Hollyberg,2025-02-05,loyal,21,F,1543
10923,Amanda Sullivan MD,jacqueline20@example.com,Wilsonmouth,2024-07-03,loyal,67,F,3312
10924,Danielle Murray,jburke@example.org,Port Breanna,2024-05-09,loyal,41,M,1890
10925,Brenda Smith,george91@example.org,Walshville,2023-12-04,loyal,36,M,1875
10926,Vickie Anderson,dayala@example.net,New Timothy,2024-08-22,loyal,53,M,2232
10927,Jacqueline Mccoy,twilson@example.org,Braymouth,2025-07-29,loyal,56,F,3844
10928,Lauren Green,sophiali@example.com,Perezview,2025-12-14,regular,27,F,546
10929,Alison Brown,julie62@example.com,Jenniferstad,2024-12-05,loyal,42,M,2192
10930,Jill Anderson,carolcarney@example.com,Lake Deborah,2026-03-11,loyal,35,M,2761
10931,Sandra Rivera,robertortiz@example.org,Lake Christian,2026-05-13,loyal,36,F,1803
10932,Joel Jackson,robertsjose@example.net,Browntown,2025-01-30,loyal,53,F,2554
10933,Samantha Foster,xsolomon@example.net,South Lori,2024-03-02,regular,27,F,1171
10934,Michael Thompson,emiller@example.org,South Dan,2025-03-22,loyal,50,M,2409
10935,Cody Ramirez,terri63@example.net,Port Brittany,2024-12-15,vip,67,M,4036
10936,Amanda Harvey,verickson@example.net,Kathleenport,2024-06-13,regular,22,M,100
10937,Edward Jenkins,charles80@example.org,Rioshaven,2024-04-01,loyal,64,F,3966
10938,Amy Ramirez,sarah75@example.net,East Jefferystad,2024-12-20,loyal,66,M,2588
10939,Curtis Wilkerson,smithwilliam@example.com,Hesterhaven,2024-11-28,loyal,52,F,2466
10940,Lydia Pham,tiffany52@example.net,Port Ricardo,2025-10-24,loyal,61,M,2835
10941,Virginia Casey,carpenterjorge@example.net,West Rodneyport,2025-08-11,loyal,51,F,2844
10942,Joshua Washington,dconrad@example.org,East Stevenville,2024-09-11,loyal,50,F,1700
10943,Kathryn Price,stewartalyssa@example.org,East Allenmouth,2024-06-19,loyal,38,F,2131
10944,Francis Robinson,darryl02@example.com,West Anthony,2024-12-21,loyal,34,M,2712
10945,Paula Brown,julie64@example.com,Bellville,2024-11-06,regular,39,M,1268
10946,Kendra Wang DVM,zachary62@example.com,West Ryanberg,2026-04-28,loyal,65,M,3344
10947,Ariel Sandoval,jgallagher@example.net,Shawhaven,2024-03-12,loyal,54,F,2369
10948,Robert Stark,jbrown@example.org,Brianview,2024-09-23,loyal,32,F,1812
10949,Zachary Robinson,isaacharrison@example.org,Coreyfurt,2026-07-31,loyal,52,F,2609
10950,Rebecca Kelly,fgraham@example.org,Leeborough,2024-12-05,loyal,45,F,1929
10951,Sarah Thompson,tkelly@example.net,Thompsonview,2024-05-06,regular,24,F,1443
10952,Renee Wolfe,hellis@example.net,Stoneville,2024-02-26,loyal,49,M,3352
10953,Alyssa Haynes,daviddavis@example.com,Lake Johnville,2024-08-16,regular,28,F,1304
10954,Kristy Hart,marybrady@example.com,North Brian,2026-02-03,loyal,27,M,1709
10955,William Keith,brandybonilla@example.net,New Josephland,2025-11-28,regular,26,M,653
10956,Eric Henry Jr.,robertjones@example.com,West Jeremyfurt,2024-06-18,regular,31,F,1071
10957,Daniel Fox,clayanthony@example.net,Longbury,2023-11-11,loyal,30,M,1736
10958,Thomas Harris,longbrittany@example.org,Tylerburgh,2026-04-16,loyal,42,M,2842
10959,Mitchell Sellers,eric17@example.net,West Dana,2023-11-30,regular,19,F,1127
10960,Erica Johnson,rgibson@example.net,Jessicaville,2026-01-15,loyal,52,M,2443
10961,Sylvia Schroeder,riverabradley@example.net,New Rebecca,2026-01-12,regular,24,F,1199
10962,Shannon Yu,unguyen@example.net,Stevensonbury,2024-07-29,regular,38,M,1274
10963,Tom Foster,jasonwilliams@example.net,West Erin,2023-10-10,loyal,35,M,2052
10964,Eric Taylor,marcus01@example.net,East Martin,2025-10-27,regular,20,M,1441
10965,Travis Conner,qdavis@example.org,Thomastown,2023-11-09,loyal,59,M,2723
10966,Marie Thompson,tammyglenn@example.org,Pattersontown,2025-04-26,loyal,56,F,2564
10967,Melissa Mcfarland,phelpsfrank@example.com,West Nicole,2024-08-10,loyal,58,M,3032
10968,Courtney Chapman,deborah21@example.com,Lake Kathleen,2024-12-10,loyal,66,F,3081
10969,Eric Barker,vowen@example.com,New Michaelfort,2026-03-05,regular,28,M,1366
10970,Nicholas Rush,michaeldavis@example.com,South Morganfort,2025-07-23,loyal,56,F,3849
10971,Jenna Gamble,tracymcclure@example.com,North Lorishire,2025-08-21,loyal,41,F,1926
10972,Amanda Guzman,anna61@example.com,Maryhaven,2025-12-17,loyal,63,F,2970
10973,Tracy Walker,christina66@example.org,Port Dwayne,2024-04-13,regular,36,M,1476
10974,Taylor Taylor,palmerteresa@example.net,North Kevinmouth,2025-09-04,regular,21,M,1422
10975,Cynthia Haas,deborahreeves@example.com,Henrystad,2024-12-31,loyal,43,M,2059
10976,Stephen Davis,robertssamuel@example.com,Elizabethview,2024-03-18,loyal,55,F,2425
10977,Margaret Tanner,edgar24@example.org,Stephenstad,2024-04-03,loyal,59,M,3610
10978,Derek Wright,dphillips@example.net,Jenniferhaven,2025-08-20,loyal,49,F,3159
10979,David Rodriguez,lowerywilliam@example.net,Rodriguezhaven,2025-08-01,loyal,56,F,2499
10980,James Oconnor,dgutierrez@example.net,East Tiffanybury,2025-11-04,loyal,62,M,2166
10981,Stacey Snyder,michael91@example.net,West Tyler,2024-11-11,loyal,63,F,3653
10982,Joshua Garcia,wilsondorothy@example.org,New Joyce,2024-02-11,loyal,53,M,2307
10983,Sean Curtis,meganwilliams@example.com,Howardland,2024-04-29,loyal,57,M,3245
10984,Carla Jones,lee77@example.net,South Danielle,2024-12-05,loyal,54,F,1714
10985,Elizabeth Flores,matthew23@example.org,Natalieside,2026-08-03,loyal,50,F,2946
10986,Angela Jackson,burgesscassandra@example.net,Archerhaven,2024-03-28,loyal,53,F,2044
10987,Nicholas Payne,hamiltonandrew@example.com,West Renee,2025-04-01,regular,20,M,1365
10988,Anna Wheeler,smithdiana@example.com,Pamelafurt,2024-01-30,regular,26,M,1307
10989,Karen Johnson,vmelton@example.net,Landryview,2024-09-09,regular,25,F,773
10990,Carmen Preston,nturner@example.com,Jamesshire,2024-01-23,loyal,50,F,2296
10991,Brian Harris,fballard@example.org,Maryville,2025-02-19,regular,23,F,1493
10992,Michael Bowen,alexanderrodriguez@example.org,Popeshire,2024-05-30,loyal,58,M,2952
10993,Deborah Campbell,micheleclark@example.net,Keithtown,2025-11-25,loyal,56,F,3092
10994,Anthony Armstrong,debragraham@example.net,Hoberg,2025-03-03,loyal,21,M,2038
10995,Brittany Ward,christophercarrillo@example.org,Beckerhaven,2024-12-01,regular,30,M,717
10996,Edward Stanley,hhenderson@example.org,Cindyburgh,2025-09-03,vip,66,F,4108
10997,Christina Johnson,joannewallace@example.com,Tommyland,2026-06-05,regular,19,M,1002
10998,Edgar Miller,csmith@example.net,Alexiston,2025-12-04,regular,22,F,650
10999,Elizabeth Sanders,jameshudson@example.com,West Margaret,2026-08-09,loyal,61,M,2384
